True values,ARMA,NN,ES,NN_DTW,NN_DTW2
-0.0499999999999998,0.0055764557555528,0.0,0.0,0.0,0.0
0.3699999999999996,-0.0152228778924036,0.0,0.0,0.0,0.0
0.1600000000000001,0.1419609513637277,0.0,0.0,0.0,0.0
-0.06,0.063369036735662,0.0,0.0,0.0,0.0
0.4900000000000002,-0.0189653500175497,0.0,0.0,0.0,0.0
0.08,0.1868706168654798,0.0,0.0,0.0,0.0
0.0299999999999998,0.0334292597344941,0.0,0.0,0.0,0.0
0.2599999999999998,0.014716899108764,0.0,0.0,0.0,0.0
0.2200000000000002,0.1007937579871218,0.0,0.0,0.0,0.0
0.02,0.085823869486538,0.0,0.0,0.0,0.0
-0.0099999999999997,0.0109744269836181,0.0,0.0,0.0,0.0
0.0,-0.0002529893918196,0.0,0.0,0.0,0.0
-0.02,0.0034894827333261,0.0,0.0,0.0,0.0
-0.1300000000000003,-0.0039954615169657,0.0,0.0,0.0,0.0
0.08,-0.0451626548935718,0.0,0.0,0.0,0.0
-0.0699999999999998,0.0334292597344941,0.0,0.0,0.0,0.0
-0.5300000000000002,-0.0227078221426956,0.0,0.0,0.0,0.0
-0.0899999999999998,-0.1948615398994114,0.0,0.0,0.0,0.0
-0.25,-0.0301927663929876,0.0,0.0,0.0,0.0
-0.3799999999999999,-0.0900723203953236,0.0,0.0,0.0,0.0
-0.1299999999999999,-0.1387244580222214,0.0,0.0,0.0,0.0
-0.0300000000000002,-0.0451626548935716,0.0,0.0,0.0,0.0
-0.4599999999999999,-0.0077379336421118,0.0,0.0,0.0,0.0
-0.53,-0.1686642350233894,0.0,0.0,0.0,0.0
1.09,-0.1948615398994114,0.0,0.0,0.0,0.0
-0.52,0.4114189443742393,0.0,0.0,0.0,0.0
-0.53,-0.1911190677742654,0.0,0.0,0.0,0.0
0.49,-0.1948615398994113,0.0,0.0,0.0,0.0
-0.25,0.1868706168654797,0.0,0.0,0.0,0.0
-0.56,-0.0900723203953236,0.0,0.0,0.0,0.0
0.8300000000000001,-0.2060889562748493,0.0,0.0,0.0,0.0
-0.1200000000000001,0.3141146691204435,0.0,0.0,0.0,0.0
0.3799999999999999,-0.0414201827684257,0.0,0.0,0.0,0.0
0.3500000000000001,0.1457034234888738,0.0,0.0,0.0,0.0
-0.2799999999999998,0.1344760071134359,0.0,0.0,0.0,0.0
-0.1800000000000001,-0.1012997367707615,0.0,0.0,0.0,0.0
0.2200000000000002,-0.0638750155193017,0.0,0.0,0.0,0.0
0.48,0.085823869486538,0.0,0.0,0.0,0.0
-0.0700000000000002,0.1831281447403337,0.0,0.0,0.0,0.0
-0.4199999999999999,-0.0227078221426958,0.0,0.0,0.0,0.0
0.3200000000000003,-0.1536943465228054,0.0,0.0,0.0,0.0
0.0299999999999998,0.123248590737998,0.0,0.0,0.0,0.0
0.2200000000000002,0.014716899108764,0.0,0.0,0.0,0.0
-0.0300000000000002,0.085823869486538,0.0,0.0,0.0,0.0
0.0,-0.0077379336421118,0.0,0.0,0.0,0.0
0.04,0.0034894827333261,0.0,0.0,0.0,0.0
-0.0099999999999997,0.0184593712339101,0.0,0.0,0.0,0.0
-0.0100000000000002,-0.0002529893918196,0.0,0.0,0.0,0.0
0.08,-0.0002529893918198,0.0,0.0,0.0,0.0
-0.02,0.0334292597344941,0.0,0.0,0.0,0.0
-0.08,-0.0039954615169657,0.0,0.0,0.0,0.0
0.1,-0.0264502942678417,0.0,0.0,0.0,0.0
-0.0099999999999997,0.0409142039847861,0.0,0.0,0.0,0.0
0.0299999999999998,-0.0002529893918196,0.0,0.0,0.0,0.0
0.4700000000000002,0.014716899108764,0.0,0.0,0.0,0.0
-0.0100000000000002,0.1793856726151878,0.0,0.0,0.0,0.0
0.02,-0.0002529893918198,0.0,0.0,0.0,0.0
-0.02,0.0109744269836181,0.0,0.0,0.0,0.0
-0.1,-0.0039954615169657,0.0,0.0,0.0,0.0
0.1,-0.0339352385181337,0.0,0.0,0.0,0.0
0.0,0.0409142039847861,0.0,0.0,0.0,0.0
-0.0499999999999998,0.0034894827333261,0.0,0.0,0.0,0.0
0.04,-0.0152228778924036,0.0,0.0,0.0,0.0
0.0299999999999998,0.0184593712339101,0.0,0.0,0.0,0.0
0.0,0.014716899108764,0.0,0.0,0.0,0.0
-0.08,0.0034894827333261,0.0,0.0,0.0,0.0
0.08,-0.0264502942678417,0.0,0.0,0.0,0.0
-0.0499999999999998,0.0334292597344941,0.0,0.0,0.0,0.0
-0.0900000000000003,-0.0152228778924036,0.0,0.0,0.0,0.0
0.1600000000000001,-0.0301927663929878,0.0,0.0,0.0,0.0
0.33,0.063369036735662,0.0,0.0,0.0,0.0
0.0499999999999998,0.1269910628631439,0.0,0.0,0.0,0.0
0.08,0.022201843359056,0.0,0.0,0.0,0.0
0.06,0.0334292597344941,0.0,0.0,0.0,0.0
0.0499999999999998,0.0259443154842021,0.0,0.0,0.0,0.0
0.0099999999999997,0.022201843359056,0.0,0.0,0.0,0.0
-0.0599999999999996,0.007231954858472,0.0,0.0,0.0,0.0
0.0499999999999998,-0.0189653500175496,0.0,0.0,0.0,0.0
0.0300000000000002,0.022201843359056,0.0,0.0,0.0,0.0
-0.1100000000000003,0.0147168991087642,0.0,0.0,0.0,0.0
0.0700000000000002,-0.0376777106432798,0.0,0.0,0.0,0.0
0.0199999999999995,0.0296867876093482,0.0,0.0,0.0,0.0
0.2200000000000006,0.0109744269836179,0.0,0.0,0.0,0.0
0.0999999999999996,0.0858238694865382,0.0,0.0,0.0,0.0
0.1799999999999997,0.0409142039847859,0.0,0.0,0.0,0.0
0.0500000000000007,0.0708539809859539,0.0,0.0,0.0,0.0
0.0199999999999995,0.0222018433590564,0.0,0.0,0.0,0.0
0.2300000000000004,0.0109744269836179,0.0,0.0,0.0,0.0
0.2699999999999996,0.0895663416116841,0.0,0.0,0.0,0.0
0.1299999999999999,0.1045362301122678,0.0,0.0,0.0,0.0
0.2300000000000004,0.052141620360224,0.0,0.0,0.0,0.0
-0.1299999999999999,0.0895663416116841,0.0,0.0,0.0,0.0
0.1299999999999999,-0.0451626548935716,0.0,0.0,0.0,0.0
0.2299999999999995,0.052141620360224,0.0,0.0,0.0,0.0
-0.3599999999999994,0.0895663416116838,0.0,0.0,0.0,0.0
-0.4599999999999999,-0.1312395137719292,0.0,0.0,0.0,0.0
0.0599999999999996,-0.1686642350233894,0.0,0.0,0.0,0.0
-0.4699999999999997,0.0259443154842019,0.0,0.0,0.0,0.0
-0.4800000000000004,-0.1724067071485353,0.0,0.0,0.0,0.0
-0.1099999999999998,-0.1761491792736815,0.0,0.0,0.0,0.0
0.04,-0.0376777106432796,0.0,0.0,0.0,0.0
-0.1899999999999999,0.0184593712339101,0.0,0.0,0.0,0.0
0.1099999999999998,-0.0676174876444476,0.0,0.0,0.0,0.0
0.0900000000000003,0.044656676109932,0.0,0.0,0.0,0.0
-0.1100000000000003,0.0371717318596402,0.0,0.0,0.0,0.0
0.25,-0.0376777106432798,0.0,0.0,0.0,0.0
0.3799999999999999,0.0970512858619759,0.0,0.0,0.0,0.0
0.0899999999999998,0.1457034234888738,0.0,0.0,0.0,0.0
0.1100000000000003,0.03717173185964,0.0,0.0,0.0,0.0
0.3399999999999998,0.0446566761099322,0.0,0.0,0.0,0.0
0.71,0.1307335349882898,0.0,0.0,0.0,0.0
0.3500000000000005,0.2692050036186916,0.0,0.0,0.0,0.0
-0.04,0.134476007113436,0.0,0.0,0.0,0.0
-0.0500000000000007,-0.0114804057672577,0.0,0.0,0.0,0.0
0.0100000000000006,-0.015222877892404,0.0,0.0,0.0,0.0
-0.25,0.0072319548584724,0.0,0.0,0.0,0.0
0.1299999999999999,-0.0900723203953236,0.0,0.0,0.0,0.0
-0.0899999999999998,0.052141620360224,0.0,0.0,0.0,0.0
0.1999999999999993,-0.0301927663929876,0.0,0.0,0.0,0.0
0.2800000000000002,0.0783389252362457,0.0,0.0,0.0,0.0
0.3100000000000005,0.108278702237414,0.0,0.0,0.0,0.0
0.1799999999999997,0.1195061186128521,0.0,0.0,0.0,0.0
0.6200000000000001,0.0708539809859539,0.0,0.0,0.0,0.0
1.2599999999999998,0.2355227544923777,0.0,0.0,0.0,0.0
0.2300000000000004,0.475040970501721,0.0,0.0,0.0,0.0
-0.2900000000000009,0.0895663416116841,0.0,0.0,0.0,0.0
0.5800000000000001,-0.1050422088959079,0.0,0.0,0.0,0.0
-0.0399999999999991,0.2205528659917937,0.0,0.0,0.0,0.0
-0.1500000000000003,-0.0114804057672574,0.0,0.0,0.0,0.0
-0.1500000000000003,-0.0526475991438638,0.0,0.0,0.0,0.0
0.120000000000001,-0.0526475991438638,0.0,0.0,0.0,0.0
0.0099999999999997,0.0483991482350784,0.0,0.0,0.0,0.0
0.0,0.007231954858472,0.0,0.0,0.0,0.0
-1.2200000000000006,0.0034894827333261,0.0,0.0,0.0,0.0
0.3399999999999998,-0.4530921165344851,0.0,0.0,0.0,0.0
-0.1599999999999992,0.1307335349882898,0.0,0.0,0.0,0.0
-0.3400000000000007,-0.0563900712690093,0.0,0.0,0.0,0.0
-0.3899999999999997,-0.1237545695216378,0.0,0.0,0.0,0.0
-0.5999999999999996,-0.1424669301473674,0.0,0.0,0.0,0.0
-0.3200000000000003,-0.2210588447754332,0.0,0.0,0.0,0.0
-0.0899999999999998,-0.1162696252713456,0.0,0.0,0.0,0.0
-0.6000000000000005,-0.0301927663929876,0.0,0.0,0.0,0.0
-0.6999999999999993,-0.2210588447754335,0.0,0.0,0.0,0.0
-0.7600000000000007,-0.258483566026893,0.0,0.0,0.0,0.0
-0.4199999999999995,-0.2809383987777695,0.0,0.0,0.0,0.0
-0.0100000000000002,-0.1536943465228052,0.0,0.0,0.0,0.0
0.4400000000000004,-0.0002529893918198,0.0,0.0,0.0,0.0
0.4799999999999995,0.1681582562397499,0.0,0.0,0.0,0.0
0.2800000000000002,0.1831281447403336,0.0,0.0,0.0,0.0
0.3999999999999994,0.108278702237414,0.0,0.0,0.0,0.0
0.25,0.1531883677391656,0.0,0.0,0.0,0.0
-0.0099999999999997,0.0970512858619759,0.0,0.0,0.0,0.0
-0.3499999999999996,-0.0002529893918196,0.0,0.0,0.0,0.0
-0.29,-0.1274970416467833,0.0,0.0,0.0,0.0
-0.7700000000000005,-0.1050422088959075,0.0,0.0,0.0,0.0
-0.6399999999999997,-0.2846808709029153,0.0,0.0,0.0,0.0
-0.2099999999999999,-0.2360287332760172,0.0,0.0,0.0,0.0
0.54,-0.0751024318947396,0.0,0.0,0.0,0.0
0.3399999999999998,0.2055829774912098,0.0,0.0,0.0,0.0
0.0999999999999996,0.1307335349882898,0.0,0.0,0.0,0.0
0.1900000000000004,0.0409142039847859,0.0,0.0,0.0,0.0
0.0899999999999998,0.0745964531111001,0.0,0.0,0.0,0.0
0.25,0.03717173185964,0.0,0.0,0.0,0.0
0.0700000000000002,0.0970512858619759,0.0,0.0,0.0,0.0
0.1699999999999999,0.0296867876093482,0.0,0.0,0.0,0.0
0.0199999999999995,0.067111508860808,0.0,0.0,0.0,0.0
0.2700000000000004,0.0109744269836179,0.0,0.0,0.0,0.0
0.6100000000000003,0.1045362301122681,0.0,0.0,0.0,0.0
0.6399999999999997,0.2317802823672318,0.0,0.0,0.0,0.0
0.5099999999999998,0.2430076987426695,0.0,0.0,0.0,0.0
0.0300000000000002,0.1943555611157716,0.0,0.0,0.0,0.0
0.7199999999999998,0.0147168991087642,0.0,0.0,0.0,0.0
0.6500000000000004,0.2729474757438375,0.0,0.0,0.0,0.0
1.91,0.2467501708678157,0.0,0.0,0.0,0.0
0.0999999999999996,0.7183016586362106,0.0,0.0,0.0,0.0
0.2799999999999993,0.0409142039847859,0.0,0.0,0.0,0.0
-0.7699999999999996,0.1082787022374136,0.0,0.0,0.0,0.0
0.0199999999999995,-0.284680870902915,0.0,0.0,0.0,0.0
-0.08,0.0109744269836179,0.0,0.0,0.0,0.0
-0.2999999999999989,-0.0264502942678417,0.0,0.0,0.0,0.0
-0.6799999999999997,-0.1087846810210531,0.0,0.0,0.0,0.0
0.379999999999999,-0.2509986217766012,0.0,0.0,0.0,0.0
1.16,0.1457034234888735,0.0,0.0,0.0,0.0
0.8000000000000007,0.4376162492502612,0.0,0.0,0.0,0.0
0.6199999999999992,0.3028872527450058,0.0,0.0,0.0,0.0
0.9900000000000002,0.2355227544923773,0.0,0.0,0.0,0.0
-0.91,0.3739942231227794,0.0,0.0,0.0,0.0
-0.6699999999999999,-0.337075480654959,0.0,0.0,0.0,0.0
-1.2799999999999994,-0.2472561496514552,0.0,0.0,0.0,0.0
-0.6100000000000012,-0.4755469492853604,0.0,0.0,0.0,0.0
-0.92,-0.2248013169005798,0.0,0.0,0.0,0.0
-1.3999999999999997,-0.340817952780105,0.0,0.0,0.0,0.0
-0.8899999999999997,-0.5204566147871125,-0.5994259501328059,0.0,0.0,0.0
-0.7000000000000002,-0.329590536404667,-0.4814923794742846,0.0,0.0,0.0
-0.0499999999999998,-0.2584835660268933,-0.3183431674589769,0.0,0.0,0.0
-0.2700000000000004,-0.0152228778924037,-0.0750589138032052,0.0,0.0,0.0
0.33,-0.0975572646456157,0.0214479834234001,0.0,0.0,0.0
0.5499999999999998,0.1269910628631439,0.2371071440665122,0.0,0.0,0.0
0.04,0.2093254496163556,0.267959754571057,0.0,0.0,0.0
0.1000000000000005,0.0184593712339101,0.1124633101072992,0.0,0.0,0.0
-0.4199999999999999,0.0409142039847863,0.0318311500502905,0.0,0.0,0.0
-0.6000000000000005,-0.1536943465228054,-0.2491690884687495,0.0,0.0,0.0
-0.0199999999999995,-0.2210588447754335,-0.1871999155252862,0.0,0.0,0.0
-0.33,-0.0039954615169656,-0.054804178008343,0.0,0.0,0.0
-0.1000000000000005,-0.1200120973964915,-0.0474136255037831,0.0,0.0,0.0
0.0700000000000002,-0.0339352385181339,0.0027877443617119,0.0,0.0,0.0
-0.0199999999999995,0.0296867876093482,0.0700753111636909,0.0,0.0,0.0
0.4699999999999997,-0.0039954615169656,0.0706819094908267,0.0,0.0,0.0
0.1900000000000004,0.1793856726151876,0.1987320633904332,0.0,0.0,0.0
-0.1700000000000008,0.0745964531111001,0.131656340018964,0.0,0.0,0.0
-0.0199999999999995,-0.0601325433941559,-0.0062903225958255,0.0,0.0,0.0
-0.04,-0.0039954615169656,0.060153862901298,0.0,0.0,0.0
-0.2300000000000004,-0.0114804057672577,-0.0082608695652174,0.0,0.0,0.0
-0.0699999999999994,-0.0825873761450317,0.0129248988111929,0.0,0.0,0.0
-0.2999999999999998,-0.0227078221426955,-0.0017924963641493,0.0,0.0,0.0
-0.04,-0.1087846810210535,-0.0626775256680324,0.0,0.0,0.0
0.0699999999999994,-0.0114804057672577,0.0523749069873404,0.0,0.0,0.0
0.0100000000000006,0.0296867876093479,0.0805012404943301,0.0,0.0,0.0
0.04,0.0072319548584724,0.1085774486458696,0.0,0.0,0.0
0.6199999999999992,0.0184593712339101,0.1440691488491793,0.0,0.0,0.0
0.04,0.2355227544923773,0.2864010468717408,0.0,0.0,0.0
0.0300000000000002,0.0184593712339101,0.0823015920322404,0.0,0.0,0.0
0.4800000000000004,0.0147168991087642,0.1116582065669516,0.0,0.0,0.0
0.2399999999999993,0.1831281447403339,0.2275475393793481,0.0,0.0,0.0
0.33,0.0933088137368297,0.1895923994081353,0.0,0.0,0.0
0.04,0.1269910628631439,0.1509023599383626,0.0,0.0,0.0
0.0499999999999998,0.0184593712339101,0.0419227937441653,0.0,0.0,0.0
0.1400000000000005,0.022201843359056,0.0320373807766597,0.0,0.0,0.0
0.08,0.0558840924853702,0.0904996202073724,0.0,0.0,0.0
0.0099999999999997,0.0334292597344941,0.0545157790488178,0.0,0.0,0.0
0.0999999999999996,0.007231954858472,0.0332742726128163,0.0,0.0,0.0
0.4700000000000006,0.0409142039847859,0.1496594794764327,0.0,0.0,0.0
0.2399999999999993,0.179385672615188,0.2425812673743133,0.0,0.0,0.0
0.2099999999999999,0.0933088137368297,0.1693904073599775,0.0,0.0,0.0
0.2299999999999995,0.0820813973613919,0.181582649142231,0.0,0.0,0.0
0.4100000000000001,0.0895663416116838,0.2345612898044238,0.0,0.0,0.0
0.5100000000000016,0.1569308398643119,0.2886469008443909,0.0,0.0,0.0
0.7999999999999989,0.1943555611157723,0.3912038508541565,0.0,0.0,0.0
0.2699999999999996,0.3028872527450051,0.401723549747864,0.0,0.0,0.0
0.0400000000000009,0.1045362301122678,0.2056148942528309,0.0,0.0,0.0
-0.0099999999999997,0.0184593712339104,0.0270308347985262,0.0,0.0,0.0
0.0299999999999993,-0.0002529893918196,0.0255873363143669,0.0,0.0,0.0
-0.08,0.0147168991087639,0.0122220421903377,0.0,0.0,0.0
0.2300000000000004,-0.0264502942678417,-0.0164468038883767,0.0,0.0,0.0
0.0499999999999989,0.0895663416116841,0.1401594756054381,0.0,0.0,0.0
0.1800000000000015,0.0222018433590557,0.0714582107273845,0.0,0.0,0.0
0.4699999999999988,0.0708539809859545,0.2199937651131978,0.0,0.0,0.0
0.4900000000000002,0.1793856726151873,0.3376093826651377,0.0,0.0,0.0
2.34,0.1868706168654798,0.4392472642847238,0.0,0.0,0.0
-0.5899999999999999,0.8792279600174883,0.9510170896916376,0.0,0.0,0.0
0.5999999999999996,-0.2173163726502873,-0.0783497782674125,0.0,0.0,0.0
0.0400000000000009,0.2280378102420855,0.3196255700507396,0.0,0.0,0.0
0.3100000000000005,0.0184593712339104,0.0476754646291401,0.0,0.0,0.0
3.0600000000000005,0.1195061186128521,0.2926524564602187,0.0,0.0,0.0
0.4199999999999981,1.1486859530279998,1.447507161866,0.0,0.0,0.0
-6.629999999999999,0.1606733119894571,0.0772445578371992,0.0,0.0,0.0
-1.5099999999999998,-2.477769536238465,-2.637995090263386,0.0,0.0,0.0
-0.4400000000000013,-0.5616238081637185,-0.7280283383258861,0.0,0.0,0.0
0.5800000000000001,-0.1611792907730979,-0.0482370577829062,0.0,0.0,0.0
1.2599999999999998,0.2205528659917937,0.3142021942810523,0.0,0.0,0.0
1.9400000000000013,0.4750409705017211,0.5814426300404669,0.0,0.0,0.0
3.039999999999999,0.7295290750116491,0.9903980085307198,0.0,0.0,0.0
3.049999999999999,1.1412010087777074,1.0549156671877016,0.0,0.0,0.0
0.1799999999999997,1.1449434809028534,0.9860358591823468,0.0,0.0,0.0
-3.1499999999999986,0.0708539809859539,-0.0061601418162358,0.0,0.0,0.0
-1.2300000000000004,-1.1753892366876606,-1.4176751148278606,0.0,0.0,0.0
1.0200000000000014,-0.456834588659631,-0.3925654404263657,0.0,0.0,0.0
2.799999999999999,0.3852216394982178,0.7145397204917332,0.0,0.0,0.0
0.5800000000000018,1.0513816777742035,1.0355558120790749,0.0,0.0,0.0
-0.0600000000000022,0.2205528659917943,0.346596804033097,0.0,0.0,0.0
-1.2199999999999989,-0.0189653500175505,0.0648206401991296,0.0,0.0,0.0
-1.950000000000001,-0.4530921165344844,-0.5617052210090893,0.0,0.0,0.0
-0.7899999999999991,-0.7262925816701425,-0.7690456612183764,0.0,0.0,0.0
-1.7699999999999996,-0.2921658151532069,-0.4481859343231592,0.0,0.0,0.0
-0.9400000000000012,-0.6589280834175142,-0.7879167456062781,0.0,0.0,0.0
0.8500000000000014,-0.3483028970303975,-0.2324969863321402,0.0,0.0,0.0
1.5599999999999987,0.321599613370736,0.4280048894050308,0.0,0.0,0.0
-0.0999999999999996,0.5873151342561005,0.7607791789490181,0.0,0.0,0.0
0.2599999999999998,-0.0339352385181336,0.1922311417294238,0.0,0.0,0.0
-0.4900000000000002,0.1007937579871219,0.1671163732662012,0.0,0.0,0.0
-0.2999999999999989,-0.1798916513988274,-0.2777305805060682,0.0,0.0,0.0
-1.5600000000000005,-0.1087846810210531,-0.2388491391535777,0.0,0.0,0.0
-2.4700000000000006,-0.5803361687894486,-0.8310511157177569,0.0,0.0,0.0
0.1900000000000012,-0.920901132177734,-1.038959383967612,0.0,0.0,0.0
-0.5999999999999996,0.0745964531111005,0.0164298491755307,0.0,0.0,0.0
-0.5100000000000016,-0.2210588447754331,-0.2688325603623643,0.0,0.0,0.0
-0.25,-0.18737659564912,-0.1464226161844327,0.0,0.0,0.0
-0.2699999999999996,-0.0900723203953236,-0.036411766697785,0.0,0.0,0.0
-0.1699999999999999,-0.0975572646456154,-0.0397502547266154,0.0,0.0,0.0
0.2599999999999998,-0.0601325433941556,-0.0585395468029944,0.0,0.0,0.0
0.0300000000000011,0.1007937579871219,0.1116474867409076,0.0,0.0,0.0
-0.1699999999999999,0.0147168991087645,0.0100884031199591,0.0,0.0,0.0
0.3499999999999996,-0.0601325433941556,0.0067950499251013,0.0,0.0,0.0
0.3899999999999988,0.1344760071134357,0.1840086795893175,0.0,0.0,0.0
0.1900000000000012,0.1494458956140194,0.1990276953410565,0.0,0.0,0.0
-0.1100000000000012,0.0745964531111004,0.1054626516384916,0.0,0.0,0.0
0.0300000000000011,-0.0376777106432801,0.0085764505415735,0.0,0.0,0.0
-0.1400000000000005,0.0147168991087645,0.080398125131146,0.0,0.0,0.0
0.1300000000000007,-0.0489051270187178,-0.020872559530278,0.0,0.0,0.0
0.0899999999999998,0.0521416203602243,0.1279416720933121,0.0,0.0,0.0
0.0299999999999993,0.03717173185964,0.1190482665494523,0.0,0.0,0.0
0.3200000000000003,0.0147168991087639,0.0575808266223782,0.0,0.0,0.0
0.379999999999999,0.123248590737998,0.1416045943765553,0.0,0.0,0.0
0.0300000000000011,0.1457034234888735,0.1948776226240461,0.0,0.0,0.0
0.7400000000000002,0.0147168991087645,0.245541449637128,0.0,0.0,0.0
0.1699999999999999,0.2804324199941296,0.3464852113134883,0.0,0.0,0.0
0.4100000000000001,0.067111508860808,0.1985031355864741,0.0,0.0,0.0
-0.3399999999999998,0.1569308398643119,0.2022149388598432,0.0,0.0,0.0
-1.3100000000000005,-0.1237545695216374,-0.2143929609209298,0.0,0.0,0.0
-0.5600000000000005,-0.4867743656607989,-0.5302860398894788,0.0,0.0,0.0
-1.049999999999999,-0.2060889562748495,-0.4033495837765077,0.0,0.0,0.0
-0.0300000000000011,-0.3894700904070026,-0.3310085992750368,0.0,0.0,0.0
0.1500000000000003,-0.0077379336421121,0.117656137786069,0.0,0.0,0.0
0.08,0.0596265646105161,0.142123165505365,0.0,0.0,0.0
-0.3100000000000005,0.0334292597344941,0.1313989858328483,0.0,0.0,0.0
-0.2999999999999998,-0.1125271531461997,-0.0213774165201573,0.0,0.0,0.0
-0.4399999999999995,-0.1087846810210534,-0.122503960002031,0.0,0.0,0.0
0.3499999999999996,-0.1611792907730972,-0.1609073504598398,0.0,0.0,0.0
0.0200000000000004,0.1344760071134357,0.1956509295477182,0.0,0.0,0.0
0.0199999999999995,0.0109744269836183,0.0748218845644559,0.0,0.0,0.0
0.0700000000000002,0.0109744269836179,0.1151018061675577,0.0,0.0,0.0
0.0600000000000005,0.0296867876093482,0.138930063021409,0.0,0.0,0.0
0.2199999999999988,0.0259443154842023,0.1230984644771946,0.0,0.0,0.0
-0.129999999999999,0.0858238694865375,0.1581545136281162,0.0,0.0,0.0
-0.2800000000000002,-0.0451626548935713,0.0334343704009175,0.0,0.0,0.0
-0.3799999999999999,-0.1012997367707616,-0.1254678884209982,0.0,0.0,0.0
-0.4900000000000002,-0.1387244580222214,-0.2157049176597478,0.0,0.0,0.0
-0.1400000000000005,-0.1798916513988274,-0.1639425976253161,0.0,0.0,0.0
0.0700000000000002,-0.0489051270187178,-0.0650252506385419,0.0,0.0,0.0
-0.3600000000000003,0.0296867876093482,0.0688263254755618,0.0,0.0,0.0
-0.3899999999999997,-0.1312395137719296,-0.1351942017046988,0.0,0.0,0.0
-0.2800000000000002,-0.1424669301473673,-0.1377207291237163,0.0,0.0,0.0
-0.04,-0.1012997367707616,-0.0790732060966631,0.0,0.0,0.0
0.1900000000000004,-0.0114804057672577,0.034617896307707,0.0,0.0,0.0
0.8700000000000001,0.0745964531111001,0.3241654071428989,0.0,0.0,0.0
-0.4800000000000004,0.3290845576210275,0.3526698001548751,0.0,0.0,0.0
-0.33,-0.1761491792736816,-0.099960477870167,0.0,0.0,0.0
0.0300000000000002,-0.1200120973964915,-0.097199539603653,0.0,0.0,0.0
0.2400000000000002,0.0147168991087642,0.0564857038355474,0.0,0.0,0.0
0.4799999999999995,0.09330881373683,0.1399466340706331,0.0,0.0,0.0
-0.1199999999999992,0.1831281447403336,0.2224896236804381,0.0,0.0,0.0
-0.1500000000000003,-0.0414201827684254,-0.0001856595179734,0.0,0.0,0.0
0.1500000000000003,-0.0526475991438638,-0.0365597706339133,0.0,0.0,0.0
0.4899999999999993,0.0596265646105161,0.2360342127750348,0.0,0.0,0.0
0.0700000000000002,0.1868706168654795,0.213057322060403,0.0,0.0,0.0
-0.5999999999999996,0.0296867876093482,0.0673707331394305,0.0,0.0,0.0
0.0799999999999991,-0.2210588447754331,-0.1947575525480152,0.0,0.0,0.0
0.0600000000000005,0.0334292597344937,0.0215607039079066,0.0,0.0,0.0
-0.25,0.0259443154842023,0.0897299297792498,0.0,0.0,0.0
0.0,-0.0900723203953236,-0.0417195573306825,0.0,0.0,0.0
0.29,0.0034894827333261,0.0423958541173689,0.0,0.0,0.0
0.2199999999999997,0.1120211743625599,0.1866383223715202,0.0,0.0,0.0
0.4199999999999999,0.0858238694865378,0.2271103846404283,0.0,0.0,0.0
0.2400000000000002,0.1606733119894577,0.3253726282315742,0.0,0.0,0.0
0.2599999999999998,0.09330881373683,0.2270213593378072,0.0,0.0,0.0
0.1799999999999997,0.1007937579871219,0.2044722645018026,0.0,0.0,0.0
0.1100000000000012,0.0708539809859539,0.1139245151475706,0.0,0.0,0.0
0.0499999999999989,0.0446566761099325,0.0853005576417999,0.0,0.0,0.0
0.4100000000000001,0.0222018433590557,0.08901908832403,0.0,0.0,0.0
0.3599999999999994,0.1569308398643119,0.352218801616422,0.0,0.0,0.0
0.2400000000000002,0.1382184792385816,0.2138783822093016,0.0,0.0,0.0
0.4900000000000002,0.09330881373683,0.3596516243026721,0.0,0.0,0.0
-0.0099999999999997,0.1868706168654798,0.2189151045171536,0.0,0.0,0.0
-0.0299999999999993,-0.0002529893918196,0.0467211127873389,0.0,0.0,0.0
-0.2800000000000011,-0.0077379336421115,0.0286747050438846,0.0,0.0,0.0
-0.2899999999999991,-0.101299736770762,-0.0836623001005812,0.0,0.0,0.0
-0.25,-0.1050422088959072,-0.0831181672418975,0.0,0.0,0.0
0.0299999999999993,-0.0900723203953236,-0.0894467676022312,0.0,0.0,0.0
-0.1799999999999997,0.0147168991087638,0.0329325077239239,0.0,0.0,0.0
-0.2899999999999991,-0.0638750155193015,-0.0306037336748523,0.0,0.0,0.0
-0.1000000000000014,-0.1050422088959072,-0.1019968605425308,0.0,0.0,0.0
-0.2199999999999988,-0.0339352385181342,-0.0431904840927028,0.0,0.0,0.0
0.0099999999999997,-0.0788449040198851,0.0152484360777581,0.0,0.0,0.0
0.0399999999999991,0.007231954858472,0.0311913810805504,0.0,0.0,0.0
-0.0199999999999995,0.0184593712339098,0.0612964926523259,0.0,0.0,0.0
-0.08,-0.0039954615169656,0.0781907951840338,0.0,0.0,0.0
0.1099999999999994,-0.0264502942678417,0.0459991755844428,0.0,0.0,0.0
-0.1399999999999988,0.0446566761099318,0.0823062066320849,0.0,0.0,0.0
-0.0199999999999995,-0.0489051270187172,0.0404186963395417,0.0,0.0,0.0
0.0699999999999985,-0.0039954615169656,0.0509078429818993,0.0,0.0,0.0
-0.0899999999999998,0.0296867876093475,0.0965918135116178,0.0,0.0,0.0
-0.2999999999999998,-0.0301927663929876,0.0254894577336892,0.0,0.0,0.0
-0.5,-0.1087846810210535,-0.1031276427026168,0.0,0.0,0.0
-0.3999999999999994,-0.1836341235239734,-0.2368328351675503,0.0,0.0,0.0
-0.6600000000000001,-0.1462094022725132,-0.2348971957281466,0.0,0.0,0.0
-0.1299999999999999,-0.2435136775263093,-0.2907033622030913,0.0,0.0,0.0
-0.2099999999999999,-0.0451626548935716,-0.1080788265427925,0.0,0.0,0.0
-0.1299999999999999,-0.0751024318947396,-0.0625887466264409,0.0,0.0,0.0
0.1200000000000001,-0.0451626548935716,0.0082929124429229,0.0,0.0,0.0
-0.08,0.0483991482350781,0.0660539155397382,0.0,0.0,0.0
-0.1600000000000001,-0.0264502942678417,0.0217145668092048,0.0,0.0,0.0
-0.2099999999999999,-0.0563900712690097,-0.043628883196947,0.0,0.0,0.0
-0.2400000000000002,-0.0751024318947396,-0.1170861969364837,0.0,0.0,0.0
-0.4000000000000003,-0.0863298482701777,-0.1400026183912537,0.0,0.0,0.0
-0.3799999999999999,-0.1462094022725136,-0.1806450057522472,0.0,0.0,0.0
-0.3999999999999994,-0.1387244580222214,-0.2163819662897001,0.0,0.0,0.0
0.0299999999999993,-0.1462094022725132,-0.2112769195482259,0.0,0.0,0.0
-0.0799999999999996,0.0147168991087639,-0.0155784830363109,0.0,0.0,0.0
-0.25,-0.0264502942678416,-0.0777743413141128,0.0,0.0,0.0
0.0899999999999998,-0.0900723203953236,-0.080606727987739,0.0,0.0,0.0
-0.06,0.03717173185964,-0.0012228017755935,0.0,0.0,0.0
-0.5099999999999998,-0.0189653500175497,-0.1143045578009709,0.0,0.0,0.0
0.0499999999999998,-0.1873765956491193,-0.2464622679748684,0.0,0.0,0.0
-0.0799999999999996,0.022201843359056,-0.0165845805205205,0.0,0.0,0.0
-0.1200000000000001,-0.0264502942678416,-0.0429017092115438,0.0,0.0,0.0
-0.0100000000000002,-0.0414201827684257,-0.0304367788172867,0.0,0.0,0.0
-0.1699999999999999,-0.0002529893918198,-0.0483158557815424,0.0,0.0,0.0
0.1,-0.0601325433941556,-0.055228240790995,0.0,0.0,0.0
0.0099999999999997,0.0409142039847861,0.0341091765612488,0.0,0.0,0.0
0.04,0.007231954858472,0.0108957491299268,0.0,0.0,0.0
-0.1099999999999998,0.0184593712339101,-0.0032078147271817,0.0,0.0,0.0
0.04,-0.0376777106432796,-0.0191245758174389,0.0,0.0,0.0
0.04,0.0184593712339101,0.014737097940046,0.0,0.0,0.0
0.02,0.0184593712339101,0.0515309034998222,0.0,0.0,0.0
-0.0300000000000002,0.0109744269836181,0.0628300145434021,0.0,0.0,0.0
0.06,-0.0077379336421118,0.0306708137431496,0.0,0.0,0.0
-0.0999999999999996,0.0259443154842021,0.0549594149355696,0.0,0.0,0.0
0.0299999999999998,-0.0339352385181335,-0.0088629829531116,0.0,0.0,0.0
-0.06,0.014716899108764,0.0472050226471897,0.0,0.0,0.0
0.0899999999999998,-0.0189653500175497,0.0138341158190208,0.0,0.0,0.0
0.2000000000000001,0.03717173185964,0.0416857645054157,0.0,0.0,0.0
0.0899999999999998,0.078338925236246,0.1106659528822755,0.0,0.0,0.0
0.2200000000000002,0.03717173185964,0.0509920074236464,0.0,0.0,0.0
0.4499999999999997,0.085823869486538,0.1899859099394366,0.0,0.0,0.0
0.2400000000000002,0.1719007283648957,0.2594300591504142,0.0,0.0,0.0
0.0099999999999997,0.09330881373683,0.1731469695456872,0.0,0.0,0.0
0.2099999999999999,0.007231954858472,0.0800566065032829,0.0,0.0,0.0
0.2600000000000007,0.0820813973613919,0.1842813682013218,0.0,0.0,0.0
0.0299999999999993,0.1007937579871222,0.1343445855130406,0.0,0.0,0.0
0.5300000000000002,0.0147168991087639,0.1586006382455184,0.0,0.0,0.0
0.1600000000000001,0.2018405053660638,0.2787304431034755,0.0,0.0,0.0
0.08,0.063369036735662,0.1731161710333068,0.0,0.0,0.0
0.3899999999999997,0.0334292597344941,0.1013871382419056,0.0,0.0,0.0
0.0600000000000005,0.1494458956140197,0.218969092629183,0.0,0.0,0.0
0.0699999999999994,0.0259443154842023,0.1470386899722865,0.0,0.0,0.0
-0.04,0.0296867876093479,0.0955883344186621,0.0,0.0,0.0
-0.0099999999999997,-0.0114804057672577,0.0925140576454125,0.0,0.0,0.0
-0.1500000000000003,-0.0002529893918196,0.0665620131035338,0.0,0.0,0.0
-0.1099999999999994,-0.0526475991438638,-0.058153515523821,0.0,0.0,0.0
0.0599999999999996,-0.0376777106432795,-0.042058703828321,0.0,0.0,0.0
-0.04,0.0259443154842019,0.079909976593083,0.0,0.0,0.0
0.04,-0.0114804057672577,0.0373071399060789,0.0,0.0,0.0
-0.2000000000000001,0.0184593712339101,0.0234128010882259,0.0,0.0,0.0
-0.04,-0.0713599597695936,-0.0239851140680357,0.0,0.0,0.0
-0.3399999999999998,-0.0114804057672577,-0.0336844915959346,0.0,0.0,0.0
0.0899999999999998,-0.1237545695216374,-0.1179623729623105,0.0,0.0,0.0
-0.0899999999999998,0.03717173185964,0.0479479069801142,0.0,0.0,0.0
0.0200000000000004,-0.0301927663929876,-0.0317060894527816,0.0,0.0,0.0
0.0299999999999993,0.0109744269836183,0.0197357887444193,0.0,0.0,0.0
0.1300000000000007,0.0147168991087639,0.020911459477448,0.0,0.0,0.0
-0.1800000000000006,0.0521416203602243,0.0654547964647306,0.0,0.0,0.0
0.08,-0.0638750155193019,-0.057573723291884,0.0,0.0,0.0
-0.0599999999999996,0.0334292597344941,0.0372164943164996,0.0,0.0,0.0
0.0699999999999994,-0.0189653500175496,-0.0139867343549936,0.0,0.0,0.0
-0.0199999999999995,0.0296867876093479,0.0598566106637162,0.0,0.0,0.0
-0.04,-0.0039954615169656,0.0087218360864489,0.0,0.0,0.0
-0.0599999999999996,-0.0114804057672577,0.021229036662396,0.0,0.0,0.0
0.1999999999999993,-0.0189653500175496,-0.0108610878609678,0.0,0.0,0.0
0.1200000000000001,0.0783389252362457,0.1057232463985225,0.0,0.0,0.0
-0.0099999999999997,0.0483991482350781,0.0706063520661061,0.0,0.0,0.0
0.0599999999999996,-0.0002529893918196,0.0387077460258854,0.0,0.0,0.0
-0.04,0.0259443154842019,0.0702485009080592,0.0,0.0,0.0
0.0200000000000004,-0.0114804057672577,0.0317004767486416,0.0,0.0,0.0
0.0,0.0109744269836183,0.0447983190431737,0.0,0.0,0.0
-0.04,0.0034894827333261,0.0464202440542081,0.0,0.0,0.0
0.0199999999999995,-0.0114804057672577,0.0370701106673292,0.0,0.0,0.0
-0.0199999999999995,0.0109744269836179,0.0439559358426132,0.0,0.0,0.0
0.0599999999999996,-0.0039954615169656,0.0261471795205713,0.0,0.0,0.0
-0.0499999999999998,0.0259443154842019,0.0683230887726402,0.0,0.0,0.0
-0.0199999999999995,-0.0152228778924037,0.0223277759447762,0.0,0.0,0.0
-0.04,-0.0039954615169656,0.0343101705051112,0.0,0.0,0.0
0.04,-0.0114804057672577,0.0137467108033577,0.0,0.0,0.0
0.0699999999999994,0.0184593712339101,0.0462015435542335,0.0,0.0,0.0
-0.0199999999999995,0.0296867876093479,0.0548395911205679,0.0,0.0,0.0
0.0099999999999997,-0.0039954615169656,0.0136059398583276,0.0,0.0,0.0
-0.04,0.007231954858472,0.0395573622175435,0.0,0.0,0.0
-0.4399999999999995,-0.0114804057672577,-0.0299551114270564,0.0,0.0,0.0
-0.2400000000000002,-0.1611792907730972,-0.2337945936891875,0.0,0.0,0.0
-0.1500000000000003,-0.0863298482701777,-0.0879646154319313,0.0,0.0,0.0
-0.0499999999999998,-0.0526475991438638,-0.0919519719695875,0.0,0.0,0.0
0.1299999999999999,-0.0152228778924036,-0.0241039397787416,0.0,0.0,0.0
0.0499999999999998,0.052141620360224,0.0291131041481291,0.0,0.0,0.0
-0.0699999999999994,0.022201843359056,0.0398435187074485,0.0,0.0,0.0
0.0,-0.0227078221426955,-0.0502118434305091,0.0,0.0,0.0
0.0199999999999995,0.0034894827333261,0.0065803418423087,0.0,0.0,0.0
0.2300000000000004,0.0109744269836179,0.0105640818844158,0.0,0.0,0.0
0.08,0.0895663416116841,0.1025337604101161,0.0,0.0,0.0
0.1499999999999994,0.0334292597344941,0.0526217876084417,0.0254090597843354,-0.0215108059879859,0.06726725245465157
-0.0199999999999995,0.0598794562846268,0.1090321865646065,0.033971469647162,0.0077607312621611,0.08937764573892959
0.2199999999999997,-0.0039120908492494,0.0088465709729668,0.0046235100635548,0.0290868753287214,0.033760337635260984
-0.1200000000000001,0.0863541139787386,0.0965491145252562,0.0418272599655708,0.0768959288510382,0.1212401160550794
0.1500000000000003,-0.0412748407227402,-0.0508936609292326,-0.0119493213084351,-0.0025370464914882,0.011439541883525015
0.2800000000000002,0.0600749619859323,0.0707360815036134,0.0248186662794334,0.0521742402059155,0.08412590460325792
0.1199999999999992,0.10916693623348,0.1664577723007908,0.0578735732384612,0.1007500823170855,0.14368409720384728
0.1699999999999999,0.0493505164614635,0.0952133226697183,0.0363760254434228,0.0319903816834467,0.03199038168344673
0.25,0.0683077495302852,0.059916914659497,0.0403578762336385,0.068334759486941,0.10833475948694096
0.2600000000000007,0.0986412273475716,0.1562898084003716,0.0561314296772414,0.1542068840555103,0.15420688405551036
0.0099999999999997,0.1027627402193623,0.2288555597675362,0.0618457002709242,0.1797827374735472,0.17978273747354728
-0.04,0.0089647633454682,0.0291935198223923,0.0170019465663763,0.070936078453201,0.07093607845320103
0.0199999999999995,-0.0098559619559161,-0.0608423462126415,-0.0032335230912377,0.0620913002645932,0.06209130026459327
-0.0099999999999997,0.0126667640189065,-0.0060391319296322,0.0029072868426466,0.0621977667059472,0.06219776670594721
0.0,0.0013891541935896,-0.012814377529098,-0.0011374647235515,0.0398257352686188,0.03340524825187302
-0.1099999999999994,0.0051404400072323,0.0014014228736761,-0.0002786788572701,0.0375610504766466,0.006696036063579401
-0.4199999999999999,-0.0362931056362497,-0.098939590051434,-0.020415526320031,-0.0561435619928799,-0.07060477850083619
-0.4900000000000002,-0.1531775477663675,-0.2157671910467475,-0.0826913039484076,-0.219731956268133,-0.2290775784284239
-0.1800000000000006,-0.1804519719093051,-0.2827346097416412,-0.1108971194673599,-0.2282058271485212,-0.20368912155013777
-0.5099999999999998,-0.0640877135466702,-0.1137551300701287,-0.0604652942695033,-0.1183201485820266,-0.1458467206132365
-0.5899999999999999,-0.1890696734438109,-0.272908795170985,-0.1091512470960282,-0.2876605125647477,-0.334043096880068
-0.2399999999999997,-0.2206027208023777,-0.3358686285437758,-0.1358773055385269,-0.3352278801131296,-0.38054161306500073
-0.2000000000000001,-0.0887348363942686,-0.1270314754467445,-0.0815282338671138,-0.1974307994442969,-0.2530005479183379
-0.1200000000000001,-0.0739086184111631,-0.0891507955037001,-0.058784699636114,-0.1678438551298212,-0.1801717763347927
-0.5800000000000001,-0.0438352537448512,-0.0423987190718239,-0.0377870984072091,-0.1807245445112662,-0.1524311430225901
-0.5799999999999996,-0.2185869804379694,-0.3906986118683311,-0.1198212100938383,-0.3855435173473456,-0.379950014495564
-0.4000000000000003,-0.2199509654591634,-0.3886222973606912,-0.1407399085739287,-0.416477676226107,-0.3974874008059046
-0.2699999999999998,-0.1523560474138095,-0.2964269364875305,-0.1118786766863518,-0.3608490794222243,-0.34082807837237383
-0.09,-0.1033630205208293,-0.2028936546175399,-0.0798223125550197,-0.2634795234137999,-0.3038223112404458
0.01,-0.0350363101729098,-0.0885977542175682,-0.03745243970153,-0.1610732608035422,-0.19086391029014094
-0.01,0.0030059325019369,-0.0505184638191026,-0.0076506221238901,-0.0839636663011108,-0.1540451134708616
0.02,-0.0046046725858012,-0.0131381149709724,-0.0038506586415919,-0.0907226651986407,-0.14841019366973873
0.0,0.0068224438366867,-0.0041055804808674,0.002817582046394,-0.0432971972586816,-0.10422673106327693
0.0,-0.0007762435912469,-0.0168101341429795,0.0007184834218304,-0.0466351914884257,-0.10449308213885843
-0.02,-0.0007747419124699,0.0061267765906218,0.0001832132725667,-0.0289959958166147,-0.05749708153575245
0.01,-0.0084042437610709,0.0020985526100025,-0.0037527806154954,-0.0390465946117465,-0.0646682903625133
0.01,0.003015053678216,0.0080730995688131,0.0009427909430486,-0.0213097574831136,-0.018716503582546725
0.0,0.003028433162698,0.0057323582274045,0.0021401616904774,0.0041005382624262,-0.043702729082466356
-0.4099999999999999,-0.0007686749651127,-0.0011780828575161,0.0005457412310717,-0.0568108333245907,-0.018058183143426533
-0.1,-0.1571102241904428,-0.2103525586716468,-0.0777505859860766,-0.1842372016450321,-0.1683382263867451
0.0,-0.0393857069282519,-0.0219742384975756,-0.0388238994264495,-0.0670263755869011,-0.06702637558690111
0.02,-0.0013651478422735,-0.0174560143057359,-0.0099000943537446,-0.0258811728332672,-0.025881172833267217
-0.01,0.006257725273135,-0.0053158554110442,0.0012749759397951,-0.0233167935543484,-0.02197306315958019
0.01,-0.0051480756198624,-0.0050916561303922,-0.0015746311353522,-0.0355822850806129,-0.03138154410198222
0.0,0.0024631150095328,-0.0034286917998262,0.0014982190604851,-0.0275747918305674,-0.024064840618112447
-0.04,-0.0013314720375206,-0.0153608872140731,0.0003820458604237,-0.0349552672006868,-0.029626997653797598
-0.2099999999999999,-0.0165676743891561,-0.0106356697749654,-0.0075015783055919,-0.0660284756908054,-0.06412106994833443
0.02,-0.0814282447752973,-0.1414226131742456,-0.0418076524679259,-0.1315700570497475,-0.12039588592961079
-0.02,0.0060036320351136,-0.0198003550779516,-0.0068614513793211,-0.0080256583607258,-0.03890849447950585
0.0,-0.0092144593908455,-0.0417604482156885,-0.0055491701017268,-0.0258367929004364,-0.053013595673324615
-0.01,-0.0016087339906769,-0.0291979099067227,-0.0014150383759403,-0.0083474090592237,-0.025609186695799695
-0.02,-0.0054163090823053,-0.0344461536485575,-0.0022605847858647,-0.0192930686450183,-0.012208687623389463
0.02,-0.0092400413171021,-0.0117344191656505,-0.0043759491203955,-0.0224009014730125,-0.023280175194590576
0.01,0.0059836830730889,0.0064906358568815,0.0026836329742991,-0.0053340823373628,-0.005334082337362831
-0.01,0.0022019473761387,0.0298251973804737,0.0025840764084462,0.03208196671581,0.024229423636490294
0.0,-0.0054083967005144,-0.0075539056923564,-0.0012408105158461,0.0619999768873019,0.02731165247496832
0.0,-0.0016023499086072,0.0236277274497625,-0.0003164066815407,0.0644507357375668,-0.011029900174955955
0.03,-0.0015993926573771,0.0056325996106181,-8.068370379289907e-05,0.0275046333543518,0.009430486009748773
0.2299999999999999,0.0098313776754572,0.0292612473188572,0.0056786756555328,0.105529590827695,0.043240552193460915
0.1699999999999999,0.0860858742608503,0.1515131786290886,0.0451423122921608,0.1842698591849724,0.1582361424594398
0.1800000000000001,0.0635027796583928,0.1798014416432745,0.043807039634501,0.1507655152259031,0.15267950043232137
0.1499999999999999,0.0675288106670187,0.1685527400561758,0.0453662951067977,0.1778260049038443,0.1114230153568394
0.1699999999999999,0.0563077171029886,0.1334054718291418,0.0400646552522334,0.1696414242846221,0.1271166756947978
0.2300000000000002,0.0641213906515285,0.1883556180992859,0.0425122370893195,0.1344529662563761,0.142101476663481
0.1199999999999996,0.0872359940410065,0.1731727595897934,0.0545348704577765,0.126152621081282,0.15671355182047275
0.2200000000000002,0.0455241616622884,0.1542867696204122,0.0367033919667329,0.0702920984955222,0.13901534587785216
0.1299999999999999,0.0838474376870315,0.1732809690726654,0.0511538649515169,0.1805797760136514,0.16906630053103033
0.1600000000000001,0.0497436781313532,0.1197919020110241,0.0377409855626368,0.140176860753887,0.13401770809627117
0.2099999999999999,0.0613546662254478,0.1337385874561242,0.0400199513184724,0.1229766907767214,0.16359325047400397
0.04,0.0806524651036782,0.1487100627097074,0.0500998375862104,0.1673180290120791,0.14355757193666252
0.2199999999999997,0.0159515170692201,0.0416210472399505,0.0203744585844836,0.0469015408491788,0.11300498285234313
0.2400000000000002,0.0847469879628111,0.1227828432620909,0.0469899869390432,0.1813734900187609,0.19320018557150448
0.1200000000000001,0.0926724136088748,0.1609737288239515,0.057576446669456,0.1752657643849528,0.19611255640467218
0.1599999999999997,0.0470806062923948,0.1029263805993449,0.0374789939007113,0.1636241964203056,0.14239878752766738
0.2200000000000002,0.0625098439677852,0.0882571550626523,0.0399531434446813,0.1577329222379327,0.16511713744488593
0.1600000000000001,0.0856482790159502,0.1442264522111453,0.0519825515783937,0.1849164262886554,0.19203627385896518
0.1299999999999999,0.0629574256318363,0.1165200848282758,0.0436515506524904,0.1580972509906148,0.15957876011398328
0.2000000000000001,0.0516626826647435,0.1397403463518481,0.035827895416385,0.1725211302330897,0.15174592582567317
0.0999999999999996,0.0785983649758522,0.1282928240512235,0.0471311133311782,0.1764315238377981,0.17643152383779814
0.2000000000000001,0.0405499721724227,0.1159281922676072,0.0310159338994503,0.1509329849255895,0.13936537594828002
0.1500000000000003,0.0789384756996876,0.1224239841424583,0.0459040631443598,0.1816677168404111,0.17010010786310162
0.0499999999999998,0.0600266380192842,0.1160364784730298,0.0402017861018118,0.1483311544514771,0.1539724362812795
0.25,0.021910113133567,0.0796301985722406,0.0197502054559619,0.1323142585480228,0.12189000432876569
0.0099999999999997,0.0985250685104175,0.1341851986751904,0.0525300523912703,0.1888956874360175,0.18412438941187734
0.0,0.0069118139678534,0.0702531429600401,0.0152949133597738,0.0937856957181844,0.08161738871699885
0.0,0.0030910103723054,0.0109839563017987,0.0039002029067423,0.0265517329744834,0.06319829726649445
0.0,0.003085610270575,-0.011509524066976,0.0009945517412192,0.0331714266065041,0.056153139777979984
-0.0099999999999997,0.0030795350859726,-0.0411006709114893,0.0002536106940109,0.0176590158657028,0.048863236461183394
0.0099999999999997,-0.0007521741101991,-0.0327637207006651,-0.0018350792730271,0.0446920939730102,0.03252378697182463
0.0099999999999997,0.0068850294218616,-0.033683229382983,0.001431804785378,0.038498566463339,0.025948712572118122
0.0,0.0068904384754965,-0.0514584099105494,0.0022648602202713,0.0233821149439672,0.023382114943967212
-0.0099999999999997,0.0030689244834871,-0.019317319477792,0.0005775393561691,-0.0023629273525803,-0.002362927352580353
0.0,-0.0007626317412235,-0.0187870762946619,-0.0017524774641767,-0.0052136408717902,-0.005213640871790235
0.0,0.0030476344261216,0.002497045358755,-0.000446881753365,-0.0081405709523027,-0.008140570952302799
0.0099999999999997,0.0030423807676374,-0.0229476569249246,-0.000113954847108,-0.006884967047131,-0.006884967047131025
-0.2400000000000002,0.0068639294625674,-0.0096279291379959,0.0018706915139873,-0.0174578602569419,-0.017457860256941925
-0.0799999999999991,-0.0888017785996771,-0.150656937661813,-0.0451169736639332,-0.1120424056853697,-0.11204240568536974
-0.1800000000000006,-0.0278482144471301,-0.0251610981987644,-0.0267028282843028,-0.0646403120130314,-0.06464031201303141
-0.2699999999999996,-0.0661890614143589,-0.1174423004560097,-0.0410047212124973,-0.12032037748023,-0.12032037748023008
-0.25,-0.1008958281458709,-0.1708180762277226,-0.0617494539091867,-0.1695595392994082,-0.16955953929940826
-0.3000000000000002,-0.0935832149644831,-0.1725473210152082,-0.0632398607468426,-0.1812952675374436,-0.18129526753744368
-0.96,-0.1130893070332019,-0.2984342764169049,-0.0731186644904449,-0.2771668372871899,-0.2771668372871899
-0.3700000000000001,-0.367774140092545,-0.4999236758261474,-0.2010212594450634,-0.6087548161852989,-0.5308659372032574
-0.33,-0.1417625663229391,-0.2930288700403171,-0.1215511711584912,-0.3514617392255629,-0.3220361875625864
-0.2999999999999998,-0.1268861766175178,-0.2312487985341015,-0.0936872986454152,-0.337412997347747,-0.2859824023213273
0.02,-0.1157639655536852,-0.1965928690403313,-0.0808827611545808,-0.2938906463608398,-0.2637328326181442
0.0099999999999997,0.0072682570628746,-0.1219587097569028,-0.0168256040944181,-0.1371862172588591,-0.1920687527104009
-0.0099999999999997,0.0034374424105123,-0.0351132833034168,-0.0023907790440766,-0.0380294735378702,-0.1599183053060018
-0.1899999999999999,-0.0042599730814641,-0.0443960586992656,-0.0025093986562394,-0.021614959201229,-0.16738868381993044
-0.8400000000000001,-0.0735944325848429,-0.151802942520409,-0.036735146657341,-0.2857735120081762,-0.2925643962198808
-0.58,-0.3248522337278324,-0.4692928509226636,-0.1736095172558374,-0.4913998523912956,-0.4900751333806401
-0.23,-0.2260076517465109,-0.3931867831391031,-0.1589760220727969,-0.2882469512445275,-0.45545659102705016
-0.01,-0.091107718070324,-0.197964431394094,-0.0869268958492912,-0.1328951361624732,-0.2936221421761247
0.07,-0.0061716634005912,-0.0357297336576537,-0.0249833774000621,-0.0424770376213508,-0.11637785186965299
-0.04,0.0247927176476941,-0.0763285791670241,0.0070136549889835,-0.0282335561801576,-0.07458136024788893
-0.03,-0.0177041886646652,-0.0739670322195232,-0.0059323814279193,-0.052616811064966,-0.1318842442491502
0.03,-0.0138682007620529,-0.0904491344005238,-0.0074153310783986,-0.0445582131544558,-0.12393461056404516
0.03,0.0093173882619167,-0.0634143692725925,0.0038781872642243,-0.0172952514387422,-0.10487748978596448
-0.0499999999999999,0.0093517552466939,-0.0088102657685427,0.0068709696250194,-0.0256573546277951,-0.11229310588784289
0.0,-0.0215722523601945,-0.0143779627638908,-0.0079179430493698,-0.0545017613577888,-0.01228347328398852
-0.01,-0.0022747383992666,-0.0290637377322606,-0.002098254908083,-0.0356739302406644,0.00822263522954024
-0.03,-0.006140957093982,-0.0376363336453769,-0.0025037875506419,0.0034288813359925,0.0034288813359925115
0.0,-0.0138754996139587,-0.066934527967691,-0.0065067537009201,-0.0215172286411094,-0.013060935700118048
0.0,-0.0023039669930535,-0.0143623809571116,-0.0017242897307438,-0.0088761727199666,-0.00887617271996662
-0.0099999999999999,-0.0023002073754369,-0.0168755922848638,-0.0004569367786471,-0.0031631206000369,-0.003163120600036909
0.02,-0.006166268635347,0.0034612123696966,-0.0020688382463414,-0.0031829738628788,-0.0031829738628788296
0.03,0.0054401615962721,-0.0015941088823194,0.0033472578647195,0.0064926201329077,0.006492620132907771
0.04,0.0093335401361709,0.0240505538520711,0.0067302733341506,0.0113843834853811,0.01138438348538115
0.0,0.0132369223172766,0.0484613461771873,0.0095745224335499,0.0198992489594285,0.01989924895942857
-0.02,-0.002201612117274,-0.0077449280993331,0.0025372484448907,0.0005236505005859,0.0005236505005859191
0.0,-0.0099372843500454,-0.0156489267717467,-0.0032231291621039,-0.0054457671371076,-0.005445767137107599
0.01,-0.0022144397048779,0.006367650071508,-0.0008541292279575,0.0058844257691494,0.005884425769149491
0.0,0.0016623916980169,-0.007014306090216,0.0017214057545912,0.0082074680408467,0.008207468040846731
0.0,-0.0021973868681894,-0.0010631813167238,0.0004561725249666,0.004337031462154,0.00433703146215402
0.0,-0.0021938590178263,-0.0121590103589628,0.0001208857191161,0.005329924476756,0.005329924476756049
-0.01,-0.0021903424406774,-0.0157244168817839,3.203471556578521e-05,0.0019358484344379,0.00193584843443799
-0.0099999999999999,-0.0060563460470932,-0.0157560480748605,-0.001939260800375,-0.0047805044076412,-0.00478050440764127
-0.01,-0.0060626892592042,0.017855123986813,-0.0024616541120993,-0.0082472246802147,0.009385473895224341
-0.0199999999999999,-0.0060690120307086,0.0219603461444696,-0.0026000883397063,-0.0083229540169206,0.01547374700380624
-0.04,-0.0099312058411732,0.0008111890848907,-0.0045845234100221,-0.0134121884549953,-0.01341218845499531
-0.01,-0.0170658534297987,-0.0097506768196002,-0.0090058987036558,0.0249770987213813,-0.02083397913564548
0.0,-0.0010926601137335,0.0173059737365032,-0.0043343131564688,0.0245991863296825,0.03920265119975062
-0.0199999999999999,-0.003668824740243,0.0013330343856995,-0.0011485929864642,-0.0116256283627503,0.03299793532859204
0.03,-0.0112279672950255,0.0020128627790717,-0.004199877141413,-0.0260610726497809,0.029341850816493147
-0.02,0.0137138426041992,0.0499701908471405,0.0047302825575255,0.0579317655616708,0.05130600752937751
-0.0099999999999999,-0.0187146593998178,0.0166446709069365,-0.0026419751222557,0.0121780323336582,0.040920402243977305
0.0099999999999999,-0.000379190569174,0.0168618390287322,-0.0026478734073977,0.0257939809815733,0.04861168557421263
-0.0099999999999999,0.0003628696738,0.0174592770762534,0.0012460635470395,0.0482081928384332,0.02103437553152583
0.0099999999999999,-0.0086149058771653,-0.0251319865447569,-0.0016175431600344,0.0367564124613103,-0.046728281598459126
0.02,0.0039366682317034,-0.0038764341463503,0.0015191010625908,0.0139601536101775,-0.04333814537708877
0.03,0.0028713467165447,-0.0068701254291791,0.0042980617815865,-0.0766496454306081,0.006070875981247239
0.01,0.0077093480114246,-0.0103778522728033,0.0069822363721204,-0.0745031618364326,0.03234480050194361
0.0199999999999999,-0.0030082955310759,0.0064888917796339,0.0037980426386119,-0.0614084170048113,-0.01508519895488783
0.0,0.005987228249289,-0.0210068905550571,0.0049019812992321,-0.0493517270975475,0.021992378185950477
0.0,-0.0065438928964122,-0.0428785231881857,0.0012990250442965,-0.063941324281953,0.019671573336465527
-0.03,-0.0011195464222933,-0.0225664897243987,0.0003442416367385,-0.0604483890044364,0.00833762779342203
0.01,-0.016477221653269,-0.0539240079440662,-0.0057520259662642,-0.0652762711473949,-0.008987581503523611
0.0199999999999999,0.0074801683248253,-0.0027196108475858,0.0004234631189399,-0.0443798363152352,0.017258078609468142
0.0,0.0014825511813631,-0.0288719888598912,0.004007717726519,-0.0426436376541434,0.00925071576015311
0.0,-0.0045658255081437,-0.0446735689597531,0.0010620451975275,-0.0435122363069886,0.0020525884446310197
-0.0199999999999999,-0.0019445981627784,-0.0337460526984832,0.0002814419773448,0.0001554102779286,0.0001554102779286403
0.0099999999999999,-0.0117507057748562,-0.0425981569453959,-0.0038209178760036,-0.007704691955521,-0.007704691955521091
-0.0099999999999999,0.0054824108824252,-0.0284115420903197,0.000935206762859,0.0056793540604102,0.00567935406041022
0.0099999999999999,-0.010626051935341,-0.0434411908462544,-0.0016999202078423,-0.0077677807388929,-0.0077677807388929895
-0.0399999999999999,0.0050080050954387,-0.0301719450575943,0.0014972711449217,0.0027110864927016,0.002711086492701631
-0.02,-0.0234262628341814,-0.0588717588254038,-0.0073942231465957,-0.025232300035364,-0.02249250979572966
0.0,-0.0025092244772146,-0.0381569202300346,-0.0058549691338478,-0.001176293872905,-0.0039722711563683
-0.0099999999999999,-0.0028995822369005,-0.0280586108222042,-0.0015515668204696,-0.0063246538598816,-0.0063246538598815995
0.0,-0.007063858489295,-0.0342445584508167,-0.0023589152074244,-0.010033466711068,-0.009634289145210289
0.0099999999999999,-0.0009334651065116,-0.0280172702268136,-0.0006251125299674,-0.0028671318025901,-0.00286713180259011
-0.0099999999999999,0.0007610149283896,-0.027448084575792,0.0017820951795585,-0.0021617011034769,-0.0007005121722853495
0.0099999999999999,-0.0086285625802905,-0.0337324188940341,-0.0014754947774169,-0.010402304000422,-0.00642169323921426
-0.0199999999999999,0.0041001748173555,-0.0199522369490645,0.0015567438839844,-0.000334506532233,0.0017219560992105904
0.0,-0.0143993265402922,-0.0375250767253678,-0.003482962870744,-0.0174002177979419,-0.01740021779794198
0.0099999999999999,0.002252977988262,-0.0208180845097532,-0.0009229851607471,0.0025850830772824,0.0045275894413298705
0.0099999999999999,-0.0006021315324187,-0.0037131155865631,0.0017031589324019,0.0015002284861535,0.0024817706261695697
0.0,0.000653435907216,0.0027057072982447,0.0023990871170865,0.0022338697842523,0.0043820362513926105
0.01,-0.0042073910537898,-0.0043230368024702,0.0006357580860279,0.0005993221123476,0.0005993221123476496
-0.01,0.0022391257787423,0.0035143308381101,0.0021162258927974,0.0039590701089764,0.00511554051807602
0.0,-0.0092051190666648,-0.0080785376313909,-0.0013869501384086,-0.0072710486786936,-0.0065015389313157505
0.0,7.280714072983342e-05,0.0006269959025534,-0.0003675417866783,0.0009062503039768,0.0038452080548448506
0.0,-0.0039329533800712,-0.00340753153316,-9.739857346975023e-05,-0.0016301133859781,-0.0016301133859781035
0.0,-0.0021951280995674,-0.001683983360731,-2.5810621969483825e-05,0.0036795865375805,-0.0004474774966913538
0.03,-0.0029407429066561,-0.0001115915885526,-6.839814821913215e-06,0.0038457690157656,0.004510999468621097
-0.0099999999999999,0.0104038801090509,0.0114554911455676,0.0058414374490721,0.0143753018193937,0.014375301819393796
0.0,-0.012670743811896,-0.0119559392995958,-0.0003997690759958,-0.0098243754829593,-0.008492460873605364
0.0,0.0016357230562792,0.0028688196034291,-0.0001059388051389,0.0057157772796635,0.005715777279663516
0.0099999999999999,-0.0045443895415731,-0.0027120742461781,-2.8073783361808503e-05,-0.0042854090243284,-0.00043063546941046315
0.0,0.0024721283765413,0.0047887635210645,0.0019403104474091,0.0069846965656756,0.007562582188924036
0.01,-0.0048798902928815,-0.0024657621219593,0.0005141822685634,0.001127947639614,0.0007780406421229076
0.0,0.0026432455623114,0.0061656992650587,0.0020840083011693,0.0080441326551576,0.00804413265515765
0.01,-0.0049278896502691,-0.0006548599662536,0.0005522621998098,0.0017462735976473,0.0006987120264144598
0.0,0.0026899006602245,0.0088376754221648,0.0020940994829496,0.0087017785041113,0.00870177850411135
-0.02,-0.0049222255998791,-0.003651153170136,0.0005549363629816,-0.0037121994866699,-0.0037121994866699494
0.0,-0.010302575062759,-0.0116471206638119,-0.0037484418638098,-0.0088455284582756,-0.00932936582446355
0.12,0.0006770780797059,0.0108131435170088,-0.0009933370939096,0.0156229675209358,0.01374615181565868
0.1,0.0479989928326949,0.0570021414412501,0.0231097656701139,0.0566454810821005,0.06830855529628327
0.0399999999999999,0.0190414249074684,0.024251529320147,0.0256015879025802,0.0272324645907616,0.03999240592615262
-0.02,0.0056826473578647,0.0083773254667832,0.0145754207941837,0.0089928199055013,0.02431257647841658
0.01,-0.0145097089758009,-0.005665958599656,-3.3013489541309613e-05,0.0010890181243899,0.005183954263646139
0.0,0.0072134911468985,0.0194173567052976,0.0019390014252715,0.0158659442471904,0.023989195511799316
0.01,-0.0064996336183132,0.0035760212527102,0.0005138353776969,0.0040335573249103,0.014494298844205406
0.01,0.0037737541725477,0.0145143628271573,0.0020839163750896,0.0097459073383397,0.025659301283833987
0.01,-0.0006492221647127,0.0107100219728762,0.0024999878393987,0.0171788658735395,0.017096480936523037
0.0,0.0012826953772402,0.0087781932255108,0.0026102467774406,0.0228764307584779,0.019169119006774368
0.0,-0.0038721507577149,0.0008715507355522,0.0006917153960217,0.0061765075072649,0.006176507507264951
0.0099999999999999,-0.0016383287189959,0.0100700819575247,0.0001833045799457,0.004374061701153,0.02198397454364913
0.13,0.0017391802240024,0.0169109119237258,0.0019963257136856,0.0195473951154751,0.01812668172417099
0.1099999999999999,0.0523627835908865,0.0651291068014774,0.0258497763141266,0.0752404685538591,0.07524046855385916
0.01,0.0219862695167812,0.0235880317720415,0.0282754407232435,0.0326675918653108,0.04156947001882258
0.13,-0.0081022927266322,0.0006477879225101,0.0094407417916595,0.0304386422191629,0.027859401783858876
0.1099999999999999,0.056995007219814,0.0741637086206841,0.0278225465747897,0.0839732618852945,0.09660723764649234
0.01,0.0203552672009967,0.0351939616850867,0.0287982248423192,0.0470113058294616,0.05830934632483014
0.13,-0.0070267111834486,0.0055537151428889,0.0095792795832146,0.0489929475910719,0.04475830859645371
0.1099999999999998,0.0569038234639125,0.0782802588065161,0.0278592590895518,0.1005349724267282,0.11370519209313729
0.01,0.0207645526268915,0.0413098997359033,0.0288079536587312,0.0575555246861067,0.060868275429437985
-0.01,-0.0068367511590579,0.0025351480170162,0.0095818577195637,0.0486115957871051,0.029111469637259114
0.0,-0.0035598233068401,0.0134815707886794,0.0005914422956844,0.0398570184932149,0.03245607539981774
0.01,-0.0006487558670877,0.0202084152593626,0.0001567322083563,0.0320965786472567,0.03753173472252872
0.1400000000000001,0.0024347621999061,0.0297528085303559,0.0019892840352144,0.0472866571324286,0.04056154729686871
0.1099999999999998,0.0575317058757351,0.0772646663088132,0.0277956602693318,0.0933412719389562,0.0998403981686529
0.01,0.0208821605152145,0.0458900555207062,0.0287910999713729,0.0568021374785922,0.05680213747859225
0.09,-0.0065021238130669,0.0132790789724966,0.0095773914924138,0.0401035922517172,0.040103592251717224
0.1799999999999999,0.0400780327455073,0.0734067346644883,0.0200677587454896,0.0869732744173958,0.08697327441739583
0.01,0.0591226484782027,0.0927239711412257,0.0403774560675547,0.0936417526801892,0.09579600764866222
0.1200000000000001,-0.0226435006553278,0.0154524901862074,0.012647775857902,0.0293706638433536,0.02937066384335366
0.0899999999999998,0.0604755939274795,0.0934656586283227,0.026724660602344,0.0995443444040056,0.10168567525340358
0.0,0.0116752946271574,0.0438919108037467,0.0246117850596211,0.0443296862285413,0.04432968622854136
0.04,-0.0061429863860475,0.0237136011509826,0.0065221230407996,0.0394105787658578,0.0484280994189642
0.24,0.0189248035356525,0.0354816638812282,0.0095193626058118,0.0769356759526859,0.08602883903280724
0.0100000000000002,0.0949442689243989,0.1294874417001933,0.0492686310905401,0.1285254322549971,0.14686284973448183
0.0699999999999998,-0.0374196657260198,0.0097059431681689,0.0150039372389931,0.0263290977081865,0.021925714739306337
0.1299999999999999,0.0458627946689619,0.0624958177689509,0.0176102933683331,0.1037609285707392,0.10376092857073926
0.0,0.0359828982321755,0.0769012375246414,0.0299874777426082,0.0809046832695121,0.08090468326951214
0.0100000000000002,-0.0159667402475786,0.0423157353935923,0.0079466816017911,0.0351000761309573,0.03619183032225266
0.0099999999999997,0.0108435982316752,0.0271850590783338,0.0040536206244747,0.0521758424057369,0.05217584240573696
-0.0299999999999998,-0.0007383875549317,0.0226279896257504,0.0030219594654857,0.038835224837339,0.0330533967360185
-0.0100000000000002,-0.0130714868011687,0.0172463683015117,-0.0050424307416462,0.022194975632614,0.022194975632614085
0.02,0.0009006347984124,0.0118706320566248,-0.0032839941465362,0.035480359727596,0.024084837026904688
-0.27,0.0078616707178009,0.0298230549266089,0.0030252415511678,0.0006630318497552,0.00030726526726106325
-0.0899999999999998,-0.1209541933934128,-0.1571579165840422,-0.0517875609889405,-0.1214591230988996,-0.11691875261217147
-0.2099999999999999,0.0124875023381944,0.009398269580671,-0.0312534536620692,-0.0132186182083638,-0.02783332676081844
-0.28,-0.0973589438095424,-0.1773659422096278,-0.0491849152204483,-0.1564636421710974,-0.1643575990607048
0.0,-0.0805402331548746,-0.1877545597934221,-0.0675710025334188,-0.2565503892507964,-0.13006952875898609
0.0,0.0332729077195406,0.0126113266800027,-0.0179063156713559,-0.0288696735276295,-0.02799739918962873
0.03,-0.0159521139473302,-0.0114337346729112,-0.0047451736529093,-0.0725428496385989,-0.07254284963859897
-0.93,0.0183573744636769,0.0226616154135629,0.004585778981979,-0.1182629988461348,-0.11082034844014015
-0.6,-0.4126178497950661,-0.5433760502854729,-0.1799255185697756,-0.4597145011215767,-0.580163525388806
0.0,-0.0843770195794801,-0.2278770683629342,-0.1645452624209905,-0.0850896906074315,-0.22990479253420779
0.03,0.0329394854011857,-0.0839360622834347,-0.0436044945415625,-0.0605262872666388,-0.09606445922238559
0.0099999999999999,-0.0048219884304369,-0.0777809286907495,-0.005711941053514,-0.0965614757887492,-0.11894173145073768
0.01,0.0028893109277033,-0.1003716948047541,0.0004340856208187,-0.0615088419122122,-0.12156494989603116
-0.01,-0.0004322018175587,-0.0583533385507562,0.0020627826895169,-0.1125548187271121,-0.13389726577502475
0.0,-0.0076647477599045,-0.0105600120412853,-0.001401112587278,-0.0958953179392695,-0.12828455454698517
0.0,-0.0001963360109978,-0.0199803450077552,-0.0003712948356286,-0.0665540177689927,-0.11486133367230932
0.0,-0.0034262728459161,0.0083662417153356,-9.839313144159785e-05,-0.0732204722811028,-0.11651906208910251
0.0,-0.002022622296649,0.0149619442898098,-2.607417983202343e-05,-0.0019597135762169,-0.1084338775454011
-0.0099999999999999,-0.0026258602973883,-0.0048942000859285,-6.909657655486211e-06,-0.0001684331313574,-0.1143697409111346
-0.0099999999999999,-0.0067045465781246,-0.0032615007764804,-0.0019495810592786,-0.0036046270255551,-0.02394223508769072
0.0,-0.0049467448188193,-0.0162436717411901,-0.0024643889807088,-0.0023406839708274,-0.0029515438260101
-0.01,-0.0013721642158931,0.0168008628802803,-0.0006530630798878,-0.0003426938391671,-0.0017219456445382699
0.02,-0.0072603015854446,0.0065062989328709,-0.0021208117161702,-0.004064101323307,-0.0032115489702479495
0.02,0.0083150537056201,0.0209180461156356,0.0033334848952148,0.0135709262428566,0.01205010210721106
-0.01,0.0016004894848774,0.0058506939913329,0.0047788734972319,0.0024251719645405,0.0034644200307509506
-0.0099999999999999,-0.0084937372491729,0.0007235751830866,-0.0006813485232335,-0.0065508720108186,-0.00680006657948183
0.0,-0.0041304445468347,0.0002328638937376,-0.0021283073586568,-0.0025088796005776,-0.00236635670705177
0.0,-0.0016844038610106,0.0009975024143562,-0.000564001450044,-6.578474410726337e-05,4.586213520849092e-05
0.0,-0.002739225738996,-0.0002342896904344,-0.0001494603842616,-0.0009172361297971,2.3768013838508864e-06
0.0,-0.0022777580169658,0.0048201225858002,-3.960700182934485e-05,-0.0010423017416842,0.0010211656672981604
0.0,-0.00247304031198,0.0061276999267088,-1.0495855484776384e-05,0.0003857259331282,0.00057851292160003
0.12,-0.0023838775293684,0.0061618914354292,-2.7814017034657424e-06,0.0115160688220105,0.01376884703555916
0.13,0.0497164796470341,0.0606977129966421,0.0233722629285485,0.0716992765563287,0.07272906161782025
0.44,0.0316590758647517,0.0698521273517305,0.0315143996760653,0.0897015071232162,0.09277972009051826
0.4399999999999999,0.1743738519720107,0.2445788304637259,0.0940523159141573,0.2540859056343429,0.2632171599490639
0.47,0.1131745358425832,0.2251747199716245,0.1106248637172516,0.217391543008789,0.237531949849277
0.6500000000000001,0.1534818146628998,0.2316216275387805,0.1208598388850717,0.3789168082402362,0.3640387760126244
0.2299999999999999,0.2152129412307088,0.2603441681302521,0.158631607304544,0.4187809465275905,0.42700130442616446
0.52,0.0062564623308088,0.1298066195329034,0.0868356259357041,0.2196680137437492,0.26942924401910295
0.6999999999999997,0.2236071875783089,0.3185010510114202,0.1242944408729616,0.4881768947325148,0.5141424459946193
0.3199999999999998,0.2086046173850793,0.239131302972793,0.1692805268313348,0.4508856556619594,0.465221948536772
0.2300000000000004,0.0503762512733427,0.1809355617015967,0.1071873396103036,0.2755669496486054,0.2983933424949023
0.2400000000000002,0.0803992870985993,0.167984473394588,0.0732028949967305,0.3185872354408677,0.3024914283736901
0.08,0.0719899070189523,0.1643493047919308,0.0661447671741336,0.3038276471535498,0.20339632215416192
0.1799999999999997,0.0060445966852189,0.1034733818742209,0.0331103633011454,0.1792555126382903,0.09398930461426146
0.2299999999999995,0.0785855261132638,0.1084455261686024,0.0438337462748034,0.1758682844199435,0.22628556938083597
0.0200000000000004,0.0690648174971431,0.1130696701788138,0.0564141927628228,0.0712164334137882,0.20971821551258624
0.04,-0.018284816292988,0.0471039289825543,0.0188452610821481,-0.0864179527748015,0.08233009881162469
0.2099999999999999,0.028555784840747,0.0695951477540161,0.0127849941867692,0.0491613354846313,0.08999014906231599
0.0,0.082509468479329,0.1327321458501749,0.0442907734594938,0.0881829090491969,0.16416100050564444
0.0,-0.0325500690911579,-0.0014036453747813,0.0117370549667658,-0.0512244949397759,0.02938358009025939
0.0,0.0175970390857986,-0.0059468270249761,0.0031103195661929,-0.0007516925728039,0.06293725262511038
0.0,-0.0042634426918195,-0.00739380860505,0.0008242346850411,-0.0212171513203052,0.04181167614373173
0.0,0.0052601096222013,-0.0072238434127365,0.0002184221915359,-0.0136372230198507,0.03230410683889204
0.0,0.0011047555533742,-0.0104179371269419,5.788188075701365e-05,0.0149489067792589,0.028346838241785022
0.0,0.0029115706033643,-0.0250011866124946,1.533869840060862e-05,-0.004910892183251,0.01472104884276512
