True values,ES,NN,ARMA,NN_DTW,NN_DTW2
0.0060168653242316,0.0,0.0,9.083960160528036e-06,0.0,0.0
-0.0285994545243646,0.0,0.0,-0.001646104011852,0.0,0.0
-0.0186921330121521,0.0,0.0,0.0080448820150523,0.0,0.0
-0.0596031311371128,0.0,0.0,0.0080345305639418,0.0,0.0
0.0033322256758099,0.0,0.0,0.0203237155151697,0.0,0.0
0.0288544608200913,0.0,0.0,0.0051126723380942,0.0,0.0
-0.078643127319113,0.0,0.0,-0.0071220691249674,0.0,0.0
0.0741079721537216,0.0,0.0,0.0214913679426118,0.0,0.0
-0.127980962093873,0.0,0.0,-0.0157950009891895,0.0,0.0
0.0440345409398634,0.0,0.0,0.0337056041451167,0.0,0.0
0.1227924387430494,0.0,0.0,-0.003093347252089,0.0,0.0
-0.0921919982943322,0.0,0.0,-0.0378023577615147,0.0,0.0
0.0290266750505923,0.0,0.0,0.0163457236134602,0.0,0.0
-0.3040044024026072,0.0,0.0,-0.0037998056015285,0.0,0.0
0.1504080155888196,0.0,0.0,0.0901794596449471,0.0,0.0
-0.0140627317497328,0.0,0.0,-0.0180813502779592,0.0,0.0
-0.0190633255094176,0.0,0.0,-0.0011979606563618,0.0,0.0
-0.0409222401220636,0.0,0.0,0.0053751798751183,0.0,0.0
0.1158318155251221,0.0,0.0,0.0139151193735638,0.0,0.0
-0.2030710608078649,0.0,0.0,-0.0306029282423963,0.0,0.0
0.1273592390721685,0.0,0.0,0.0518121425168776,0.0,0.0
0.0,0.0,0.0,-0.0226824742333979,0.0,0.0
-0.1588433210054507,0.0,0.0,-0.0068038937386494,0.0,0.0
0.1069584856364391,0.0,0.0,0.0456761137845953,0.0,0.0
0.03570325251777,0.0,0.0,-0.0183978776640716,0.0,0.0
0.067795853007877,0.0,0.0,-0.0162408978370892,0.0,0.0
-0.1179736025935964,0.0,0.0,-0.0252324528975862,0.0,0.0
0.05180774179665,0.0,0.0,0.0278651008187879,0.0,0.0
0.1181448956205279,0.0,0.0,-0.0071824012964437,0.0,0.0
-0.0346004334932654,0.0,0.0,-0.0376346082650131,0.0,0.0
-0.0173786013303161,0.0,0.0,-0.0009022701029589,0.0,0.0
0.0854222084258333,0.0,0.0,0.0049579654646706,0.0,0.0
-0.0098453678525292,0.0,0.0,-0.0241594034458055,0.0,0.0
-0.0214293914558991,0.0,0.0,-0.0042903237796429,0.0,0.0
-0.0145457110023787,0.0,0.0,0.0051570270220685,0.0,0.0
-0.0029347049675942,0.0,0.0,0.005927058929946,0.0,0.0
-0.0629233677139859,0.0,0.0,0.0026708306102311,0.0,0.0
0.1214279238363911,0.0,0.0,0.0197111590404972,0.0,0.0
0.0546141774727209,0.0,0.0,-0.0305428762457129,0.0,0.0
-0.0272713941086601,0.0,0.0,-0.0255689505130716,0.0,0.0
-0.0547417575521755,0.0,0.0,0.0005204351527543,0.0,0.0
0.0322382508288638,0.0,0.0,0.0166078060665726,0.0,0.0
0.0451711439339117,0.0,0.0,-0.0046857244849946,0.0,0.0
-0.1360772428515781,0.0,0.0,-0.0149660783248415,0.0,0.0
0.1465691423748607,0.0,0.0,0.0363864056979555,0.0,0.0
0.0564333558035441,0.0,0.0,-0.0330857415888224,0.0,0.0
-0.0364133135701019,0.0,0.0,-0.0268791473622311,0.0,0.0
-0.2289146478061319,0.0,0.0,0.0028727954354866,0.0,0.0
0.1573609554575066,0.0,0.0,0.0696294730508776,0.0,0.0
0.05218575317057,0.0,0.0,-0.0263422138290296,0.0,0.0
0.0962579348805983,0.0,0.0,-0.0235778176448418,0.0,0.0
-0.0288308257177085,0.0,0.0,-0.0359851511076259,0.0,0.0
-0.0328304492830104,0.0,0.0,-0.0021398112101806,0.0,0.0
0.0162402070228138,0.0,0.0,0.0092274183711642,0.0,0.0
0.0153707299139354,0.0,0.0,-0.0020972988003148,0.0,0.0
0.07293060365404,0.0,0.0,-0.0052376668505216,0.0,0.0
0.009034505267965,0.0,0.0,-0.0234697780996926,0.0,0.0
-0.0923914529904763,0.0,0.0,-0.009754002527714,0.0,0.0
-0.0842129199106205,0.0,0.0,0.0248303226529101,0.0,0.0
0.0724298378448144,0.0,0.0,0.0327616475538355,0.0,0.0
0.1269596274612885,0.0,0.0,-0.0119057756368872,0.0,0.0
-0.1821018007223092,0.0,0.0,-0.0417009554609842,0.0,0.0
-0.0465514064028704,0.0,0.0,0.0421803135101998,0.0,0.0
0.01303620519732,0.0,0.0,0.0266608161620509,0.0,0.0
0.0550354317703112,0.0,0.0,0.0041014139988737,0.0,0.0
0.0077121204863388,0.0,0.0,-0.0152896142161014,0.0,0.0
0.0044714223334008,0.0,0.0,-0.0068997877947085,0.0,0.0
-0.075432573127439,0.0,0.0,-0.0034064076751047,0.0,0.0
0.0463325566409986,0.0,0.0,0.0216430844624081,0.0,0.0
-0.0252505109688874,0.0,0.0,-0.0074067218120533,0.0,0.0
-0.0013468015503788,0.0,0.0,0.0053686993326659,0.0,0.0
-0.0865214210758598,0.0,0.0,0.002026172452436,0.0,0.0
0.051550425176706,0.0,0.0,0.0266055113950169,0.0,0.0
-0.0070028297383197,0.0,0.0,-0.0074834470373242,0.0,0.0
0.0104859401911401,0.0,0.0,-0.0001352757294433,0.0,0.0
0.0274365632271544,0.0,0.0,-0.0031811371090486,0.0,0.0
0.0067431138848901,0.0,0.0,-0.0091873426480203,0.0,0.0
0.0271809905360251,0.0,0.0,-0.0047758369428146,0.0,0.0
-0.065541858408471,0.0,0.0,-0.0095895669937763,0.0,0.0
0.0343204583354408,0.0,0.0,0.0168150862367704,0.0,0.0
-0.0204506104712907,0.0,0.0,-0.0052488834242796,0.0,0.0
0.005494519317641,0.0,0.0,0.0045751214342464,0.0,0.0
0.1259686202428227,0.0,0.0,-0.000267069214817,0.0,0.0
-0.189594316123034,0.0,0.0,-0.037907455841413,0.0,0.0
0.0058224327514331,0.0,0.0,0.0455702156809469,0.0,0.0
0.0115441397468654,0.0,0.0,0.011947850246829,0.0,0.0
-0.0305923347175598,0.0,0.0,0.0001303436871517,0.0,0.0
-0.0665128554412888,0.0,0.0,0.0092370421037573,0.0,0.0
-0.0577631072090731,0.0,0.0,0.0227615560825207,0.0,0.0
-0.094807793458667,0.0,0.0,0.0241957194023393,0.0,0.0
0.0299342078180444,0.0,0.0,0.0357533449635874,0.0,0.0
-0.0674620636870564,0.0,0.0,0.0017569378843381,0.0,0.0
-0.2157616866230132,0.0,0.0,0.0207999160884048,0.0,0.0
0.1310074509684371,0.0,0.0,0.0710634542675481,0.0,0.0
0.0297305341583431,0.0,0.0,-0.0179958791888493,0.0,0.0
0.0749013081731178,0.0,0.0,-0.0143261682893423,0.0,0.0
0.0511527034366894,0.0,0.0,-0.0267915552031255,0.0,0.0
-0.0615154904722361,0.0,0.0,-0.0234024932072649,0.0,0.0
0.0326065215668638,0.0,0.0,0.0114568209984208,0.0,0.0
0.1783417566535279,0.0,0.0,-0.0063435051280769,0.0,0.0
-0.0438941935572252,0.0,0.0,-0.0554635490899096,0.0,0.0
0.0888792894740344,0.0,0.0,-0.0034659232380279,0.0,0.0
0.0310382187109814,0.0,0.0,-0.0277280080486461,0.0,0.0
0.0099010709827114,0.0,0.0,-0.0176421205881968,0.0,0.0
0.0480861866676374,0.0,0.0,-0.0082638737425908,0.0,0.0
0.0310358353008508,0.0,0.0,-0.0169163934349026,0.0,0.0
-0.1619836180484446,0.0,0.0,-0.0143939948937279,0.0,0.0
0.0535842461341058,0.0,0.0,0.04433955694041,0.0,0.0
0.0966268356890722,0.0,0.0,-0.0027676793091807,0.0,0.0
-0.0361727313937256,0.0,0.0,-0.0298453581566546,0.0,0.0
0.058294648480996,0.0,0.0,0.0019095932393792,0.0,0.0
-0.0986619942096052,0.0,0.0,-0.0169269045900513,0.0,0.0
-0.0021329549501416,0.0,0.0,0.0245592867757038,0.0,0.0
0.0733959749716319,0.0,0.0,0.0080264477511735,0.0,0.0
-0.0113070709146914,0.0,0.0,-0.019625508216692,0.0,0.0
0.0399922189135502,0.0,0.0,-0.002489467443197,0.0,0.0
0.0083200479946956,0.0,0.0,-0.0127508459653942,0.0,0.0
0.0381415410677759,0.0,0.0,-0.0063198345328982,0.0,0.0
-0.0516162396511354,0.0,0.0,-0.0133454715133244,0.0,0.0
0.1334506400101123,0.0,0.0,0.011504209542859,0.0,0.0
-0.0368493044421676,0.0,0.0,-0.0366191208235826,0.0,0.0
-0.0882384692021851,0.0,0.0,7.822261954635452e-05,0.0,0.0
-0.0239881842688403,0.0,0.0,0.0265361570485178,0.0,0.0
0.0379833236344202,0.0,0.0,0.0151847304571105,0.0,0.0
-0.0353620901545461,0.0,0.0,-0.0068387715816545,0.0,0.0
-0.1106098715439705,0.0,0.0,0.0085764356226626,0.0,0.0
-0.0073367900638539,0.0,0.0,0.035808249623233,0.0,0.0
0.104107890507854,0.0,0.0,0.0129682607315193,0.0,0.0
-0.0873130452172032,0.0,0.0,-0.0273658954514637,0.0,0.0
-0.116607043843258,0.0,0.0,0.018014994173423,0.0,0.0
0.0767199247661727,0.0,0.0,0.040444573199052,0.0,0.0
-0.2013407683576469,0.0,0.0,-0.0108866921663868,0.0,0.0
0.1846230537822339,0.0,0.0,0.0572144558427379,0.0,0.0
0.0106708329605202,0.0,0.0,-0.0382597542391718,0.0,0.0
-0.0425925780105114,0.0,0.0,-0.014687857649954,0.0,0.0
0.0203609226489147,0.0,0.0,0.0083906315617038,0.0,0.0
0.0710579212657211,0.0,0.0,-0.003586349473876,0.0,0.0
0.0910345607270928,0.0,0.0,-0.0224112986956263,0.0,0.0
-0.0809770046830502,0.0,0.0,-0.034065863169341,0.0,0.0
0.0921210072617197,0.0,0.0,0.0140994586551763,0.0,0.0
0.0295461440938114,0.0,0.0,-0.0234257082593022,0.0,0.0
0.0415306041566276,0.0,0.0,-0.0159017044764479,0.0,0.0
0.1392074210316822,0.0,0.0,-0.0172414608385273,0.0,0.0
-0.0349403991952277,0.0,0.0,-0.0469823832059776,0.0,0.0
-0.048762812245906,0.0,0.0,-0.0036078833808126,0.0,0.0
0.0926435812724868,0.0,0.0,0.0135719572245004,0.0,0.0
0.0390193235644424,0.0,0.0,-0.023741112147388,0.0,0.0
0.0312293036337818,0.0,0.0,-0.0188418334694167,0.0,0.0
-0.0112884634302714,0.0,0.0,-0.0150304367256321,0.0,0.0
0.0277457564523428,0.0,0.0,-0.0011148666436628,0.0,0.0
0.0353727045571083,0.0,0.0,-0.0086595815259587,0.0,0.0
-0.055741983008235,0.0,0.0,-0.0132165888665651,0.0,0.0
0.0417426876516904,0.0,0.0,0.0127821420903757,0.0,0.0
0.0250593159314806,0.0,0.0,-0.0086895945448541,0.0,0.0
0.0504909561016297,0.0,0.0,-0.0101278425527262,0.0,0.0
0.0831550037453361,0.0,0.0,-0.018198564778295,0.0,0.0
-0.0425944813144258,0.0,0.0,-0.0304337854967163,0.0,0.0
-0.0237098320790547,0.0,0.0,0.0036617079444556,0.0,0.0
-0.0370978608871856,0.0,0.0,0.0082304838763867,0.0,0.0
-0.0125281280648881,0.0,0.0,0.0136240449569408,0.0,0.0
0.0147488707052945,0.0,0.0,0.0078642310547748,0.0,0.0
-0.0008877053401405,0.0,0.0,-0.0020588075723368,0.0,0.0
0.0561217606556638,0.0,0.0,-0.000342671906897,0.0,0.0
0.0407212337765559,0.0,0.0,-0.0169507466062184,0.0,0.0
0.0016109548389282,0.0,0.0,-0.0173134493821461,0.0,0.0
-0.0260919815926712,0.0,0.0,-0.0056751082754292,0.0,0.0
-0.0229799123997258,0.0,0.0,0.006141558802124,0.0,0.0
0.0474609391534688,0.0,0.0,0.0087560985853378,0.0,0.0
-0.0805466637392342,0.0,0.0,-0.0116164209522799,0.0,0.0
0.0326629809734662,0.0,0.0,0.0207131836121113,0.0,0.0
-0.1264888980527754,0.0,0.0,-0.0035801939153692,0.0,0.0
0.0837270387146942,0.0,0.0,0.0369263202220151,0.0,0.0
-0.0919178819061841,0.0,0.0,-0.0140481237367592,0.0,0.0
0.0267319020214884,0.0,0.0,0.0233982839372453,0.0,0.0
-0.034502703630876,0.0,0.0,-0.000992211816949,0.0,0.0
-0.0902522952740128,0.0,0.0,0.0100743983105799,0.0,0.0
-0.1110687009751583,0.0,0.0,0.0301435181031846,0.0,0.0
0.027640689400429,0.0,0.0,0.0424240202444767,0.0,0.0
-0.1219972393792359,0.0,0.0,0.0044494506643505,0.0,0.0
-0.0503969589602144,0.0,0.0,0.0379890005464578,0.0,0.0
0.1885050186121493,0.0,0.0,0.0265569625033326,0.0,0.0
-0.1192824468830027,0.0,0.0,-0.0486341320876906,0.0,0.0
0.0328935411241779,0.0,0.0,0.0212292290028145,0.0,0.0
-0.119495764763271,0.0,0.0,-0.0034944446909509,0.0,0.0
0.0592211128141144,0.0,0.0,0.0348515971072301,0.0,0.0
-0.1394976019030931,0.0,0.0,-0.0073106187024942,0.0,0.0
-0.1418157216693067,0.0,0.0,0.0397131726478317,0.0,0.0
0.0069808311413401,0.0,0.0,0.0545336607742405,0.0,0.0
-0.0721032939013444,0.0,0.0,0.0142921980715494,0.0,0.0
-0.0419909017252368,0.0,0.0,0.0259590995551243,0.0,0.0
-0.0509855547328674,0.0,0.0,0.0204187552594039,0.0,0.0
0.0568164750436608,0.0,0.0,0.0214563020445071,0.0,0.0
-0.132424585649332,0.0,-0.0238745971784979,-0.0106118063179635,0.0,0.0
0.0939013036529967,0.0,0.0466317096541261,0.0365971448778142,0.0,0.0
0.0120121564480033,0.0,-0.0220162005980223,-0.0172029693532093,0.0,0.0
0.1092336025789837,0.0,-0.0267232284101674,-0.0087660610484257,0.0,0.0
-0.0307995359509503,0.0,-0.0361207109043076,-0.0354336578010934,0.0,0.0
0.1203352293749473,0.0,-6.053026543522571e-05,-0.0013828351265194,0.0,0.0
0.0273548834493668,0.0,-0.0286983757957868,-0.0365505281199797,0.0,0.0
0.0031695747612792,0.0,-0.0258304676262982,-0.0191857419382488,0.0,0.0
0.0613689463762918,0.0,0.0003171736366649,-0.0067056276959189,0.0,0.0
0.0118344576470024,0.0,-0.0182497508047344,-0.0204380044058462,0.0,0.0
-0.0290956742077721,0.0,-0.0133447066599323,-0.0096843719648552,0.0,0.0
0.0342295322016239,0.0,0.0105580544544034,0.005839522382576,0.0,0.0
0.1178643133416397,0.0,-0.0058361934357842,-0.0085182266751746,0.0,0.0
-0.0791220219684882,0.0,-0.0487163582826594,-0.0379515643268639,0.0,0.0
-0.0184664338416347,0.0,0.0156310073731732,0.012375169197422,0.0,0.0
0.0448568542673193,0.0,0.0025824873802868,0.0092727626725672,0.0,0.0
0.0243749373020012,0.0,-0.0106471600302431,-0.0106790631957831,0.0,0.0
-0.0649399394877798,0.0,-0.023851967285032,-0.0105198434041141,0.0,0.0
0.101068663576286,0.0,0.0244001339012497,0.016354871336354,0.0,0.0
0.1040693598942059,0.0,-0.0318120836727846,-0.0254358111325657,0.0,0.0
-0.0543579612054534,0.0,-0.0394360281906184,-0.0388894873776538,0.0,0.0
0.0073394824880459,0.0,0.0134696524805401,0.0046552423174464,0.0,0.0
0.0947006095324773,0.0,-9.378396045717329e-05,-0.0007971626702717,0.0,0.0
-0.166701395403936,0.0,-0.0432964386023992,-0.028674920509924,0.0,0.0
0.2409281441588078,0.0,0.0473237892521152,0.0414671403265883,0.0,0.0
0.0599280636938113,0.0,-0.0634593209469797,-0.059901636400772,0.0,0.0
-0.0865267634594282,0.0,-0.0309968699180223,-0.0359833331808853,0.0,0.0
0.0409065575408966,0.0,0.0275059146186227,0.0151904640761816,0.0,0.0
-0.0403781559433973,0.0,-0.0066701117567432,-0.007715080937937,0.0,0.0
0.0835717651846721,0.0,0.0034427582361115,0.009819865592576,0.0,0.0
-0.0186371259987447,0.0,-0.0234012363440856,-0.0221432633541364,0.0,0.0
-0.0357810908876894,0.0,-0.0099825846668964,-0.0010440302356478,0.0,0.0
0.04661329921705,0.0,0.0053588618087635,0.0104428142979251,0.0,0.0
0.0,0.0,-0.0233733249856352,-0.0108551940975786,0.0,0.0
0.0478102522830834,0.0,0.0012644729385568,-0.003251415513665,0.0,0.0
-0.2205791484634938,0.0,-0.0218714066834472,-0.0153279555701683,0.0,0.0
0.0115742032811372,0.0,0.0660862639655618,0.0616589633096272,0.0,0.0
0.1562855028730352,0.0,0.0086923905111434,0.0150526964696779,0.0,0.0
0.0780722636862369,0.0,-0.0495453031056355,-0.0424120359963934,0.0,0.0
-0.0571316397198113,0.0,-0.0377211146294557,-0.0361799507257406,0.0,0.0
-0.0024125464053836,0.0,0.0062607517531127,0.0063021976831259,0.0,0.0
0.0105719389253984,0.0,0.0100041110969293,0.0026266712883731,0.0,0.0
-0.0469753683134035,0.0,-0.0017814409399248,-0.0023773810553017,0.0,0.0
-0.0131116351393751,0.0,0.0050994400242877,0.0134046725310878,0.0,0.0
0.0055682249665167,0.0,-0.0035418879306263,0.0079736036573833,0.0,0.0
0.0554743447319312,0.0,-0.0012180949257206,0.0007315708991708,0.0,0.0
-0.0241674401068872,0.0,-0.0207476376474108,-0.0164336238968351,0.0,0.0
-0.2263286575227869,0.0,-0.0006084706949319,0.0023320367749023,0.0,0.0
-0.0698696799604858,0.0,0.0726959693622734,0.0686903131247791,0.0,0.0
0.1948523663589174,0.0,0.0447543226863227,0.0416273894908335,0.0,0.0
-0.055090423983759,0.0,-0.0489693216865477,-0.0460140411875295,0.0,0.0
0.0706695733506892,0.0,0.0052267183314968,0.0027352942024948,0.0,0.0
0.0195308398740827,0.0,-0.0209321824858578,-0.020395864991127,0.0,0.0
-0.0833588814080554,0.0,-0.010704823183733,-0.0119834238692153,0.0,0.0
0.0101753280416527,0.0,0.0250194173424067,0.0214476358328866,0.0,0.0
0.0299191291602252,0.0,0.0062884699813956,0.0033948689854432,0.0,0.0
-0.0860194118254593,0.0,-0.019106938820576,-0.0079578243757098,0.0,0.0
-0.0980503971620239,0.0,0.0280650565623339,0.0234559023696694,0.0,0.0
-0.0172075721694273,0.0,0.0251244793714173,0.0365050896629008,0.0,0.0
-0.1107152807954863,0.0,0.0063445664483738,0.0161423842095907,0.0,0.0
0.0066889881507972,0.0,0.0353671070457805,0.0381124422494481,0.0,0.0
-0.2541756605619385,0.0,-0.0019031544936927,0.0094475292457486,0.0,0.0
0.0038131600064144,0.0,0.0725769699260813,0.079191755769587,0.0,0.0
-0.1255438053110964,0.0,0.0138946317912229,0.0226500307377367,0.0,0.0
0.2547843689447218,0.0,0.0342833911213238,0.0445210401829607,0.0,0.0
0.0592465332038107,0.0,-0.073775432182287,-0.0631462559287379,0.0,0.0
0.1236322818937818,0.0,-0.0465350281503642,-0.0367531904846362,0.0,0.0
0.0240809709932685,0.0,-0.0495952667534404,-0.0481647896342093,0.0,0.0
0.0347396322937241,0.0,-0.0142172250504152,-0.0216908748240463,0.0,0.0
-0.0085724230861918,0.0,-0.0070555485263535,-0.0169405566553162,0.0,0.0
-0.0187171239529382,0.0,-0.0040002050265926,-0.0025043943667833,0.0,0.0
0.0429250447170339,0.0,0.0044241021639315,0.0048787892652666,0.0,0.0
-0.2163791512256674,0.0,-0.0152504827548738,-0.0114186063018857,0.0,0.0
0.0470306104889779,0.0,0.0600371095397002,0.0615716633918876,0.0,0.0
0.0405156688937209,0.0,-0.0160268976950242,0.0043766793170582,0.0,0.0
-0.1764564373415558,0.0,-0.0254248598283576,-0.0108457340596832,0.0,0.0
-0.0870113769896301,0.0,0.0459719575509368,0.0497524239738486,0.0,0.0
-0.0038350957839421,0.0,0.0311526612008127,0.0410878797026778,0.0,0.0
-0.1020571933509195,0.0,0.0100309980424857,0.0135022869945933,0.0,0.0
-0.0313369780040915,0.0,0.0204877359045177,0.0347188847684344,0.0,0.0
-0.0426073414203562,0.0,0.0085796906210533,0.0198498259935949,0.0,0.0
-0.0421114853501265,0.0,0.0037639164380614,0.0187689107913776,0.0,0.0
0.0836205290214202,0.0,0.0156639267819931,0.0182953069241466,0.0,0.0
-0.0764776415090402,0.0,-0.0224877164854361,-0.0196122005936745,0.0,0.0
0.0269179505605796,0.0,0.009175133316131,0.0170893626283023,0.0,0.0
0.0723743687146321,0.0,-0.0165951623892672,-0.0029430609295183,0.0,0.0
-0.0151518050206025,0.0,-0.0355345576146638,-0.0226134907738488,0.0,0.0
0.1113404193160443,0.0,0.0012691929382258,-0.0022321309139004,0.0,0.0
-0.1278333715098849,0.0,-0.0434700062449418,-0.0341039164097146,0.0,0.0
0.2567198468478135,0.0,0.0301352793386541,0.0281619512685612,0.0,0.0
-0.1086057222855689,0.0,-0.0617180496880759,-0.0686412682653301,0.0,0.0
0.0895575273148745,0.0,0.0210033931462595,0.012012930241802,0.0,0.0
0.0250336767137326,0.0,-0.0290940398823629,-0.0232824496303046,0.0,0.0
0.1567049596323544,0.0,-0.012683481324035,-0.014503296298168,0.0,0.0
-0.0516002311609851,0.0,-0.051598939630558,-0.051415554176949,0.0,0.0
0.1965458250699479,0.0,0.0123037603686531,6.455410688150737e-05,0.0,0.0
0.0688247194771394,0.0,-0.0638360899477921,-0.0590066346748994,0.0,0.0
-0.0562932271652254,0.0,-0.0356110823221308,-0.0383867345949501,0.0,0.0
-0.0871245952178858,0.0,0.0100866526063239,0.0053875331227109,0.0,0.0
0.1877416242632943,0.0,0.0243094909874718,0.0277963112603417,0.0,0.0
-0.0245096338365096,0.0,-0.0479845204218259,-0.048032582010909,0.0,0.0
0.0295644044981333,0.0,-0.0045039904145074,-0.0070563410756354,0.0,0.0
0.0676848268269365,0.0,-0.0114248090256088,-0.0109904357721497,0.0,0.0
-0.1106098715439705,0.0,-0.0242956650212238,-0.0236220598039691,0.0,0.0
0.0029197101033346,0.0,0.0282003476819976,0.0261370105414807,0.0,0.0
0.0400053346136992,0.0,-0.0036902198323357,0.0069827037021707,0.0,0.0
-0.0558740190578364,0.0,-0.0235351512277955,-0.0099096949896689,0.0,0.0
0.1167292947791116,0.0,0.0062027506164351,0.0138150696562098,0.0,0.0
0.1750911223313167,0.0,-0.0314710113016059,-0.030902549111167,0.0,0.0
-0.3067416130734033,0.0,-0.0649975608812523,-0.0618638085291078,0.0,0.0
0.1071028333805692,0.0,0.0898229628161604,0.0735613342185269,0.0,0.0
-0.0424891497039725,0.0,-0.0063490599978732,-0.0100655438526719,0.0,0.0
0.0381577948002984,0.0,0.0079612061192911,0.0097479379011762,0.0,0.0
-0.0621178685474426,0.0,-0.003450473742302,-0.0085241880051662,0.0,0.0
-0.0880616869275874,0.0,0.0099991742591803,0.0161066466234986,0.0,0.0
0.0682359646764991,0.0,0.0120280083742658,0.031297404894778,0.0,0.0
-0.0657170716570147,0.0,-0.0115765108565981,-0.0110858954247813,0.0,0.0
0.0604026215935222,0.0,0.0082400461220724,0.0164182720187511,0.0,0.0
-0.0466609937412263,0.0,-0.0125127850632936,-0.0132021905095508,0.0,0.0
0.05960235082562,0.0,0.0003545051870535,0.0100588729690964,0.0,0.0
-0.0472717383681411,0.0,-0.013943664645689,-0.0148719473719939,0.0,0.0
0.097980408360204,0.0,0.0075324730835976,0.0097407847980627,0.0,0.0
0.011599135843352,0.0,-0.0342513330049001,-0.0264948406687972,0.0,0.0
-0.0805920073303037,0.0,-0.0146102455684593,-0.0114329399463021,0.0,0.0
-0.0023837913552764,0.0,0.0304360606548815,0.0207819140716096,0.0,0.0
0.0047619137602437,0.0,0.0056236485313762,0.0069672064659579,0.0,0.0
0.0344358507177489,0.0,-0.0088005159336238,0.000671472457499,0.0,0.0
-0.0391977644779926,0.0,-0.0100384598632015,-0.0101324885038592,0.0,0.0
0.0900893717743818,0.0,0.007191672274918,0.0087392196139667,0.0,0.0
-0.0770482859451178,0.0,-0.0209851612800488,-0.024425497856652,0.0,0.0
0.1342672819799784,0.0,0.021984427940724,0.0158150263810289,0.0,0.0
0.01532988631131,0.0,-0.0310156356053642,-0.0355695997171751,0.0,0.0
-0.0649442829609512,0.0,-0.0179778326195199,-0.0152792421556192,0.0,0.0
0.0150378773645405,0.0,0.0273135847581853,0.0149266283133686,0.0,0.0
0.0299313496421609,0.0,0.0049420732210259,-2.433114688857877e-05,0.0,0.0
-0.0417277330825305,0.0,-0.0277525542021226,-0.0089884964214348,0.0,0.0
-0.0037827659265605,0.0,0.0072089351146432,0.0098427417416243,0.0,0.0
-0.0358263721684855,0.0,-0.0020619308145021,0.0041016833354801,0.0,0.0
0.0139316825614743,0.0,0.015855416992774,0.0120019974715457,0.0,0.0
-0.0687162080462604,0.0,-0.0129378249393723,-0.0005705221863352,0.0,0.0
-0.0035629491373523,0.0,0.0105794482317868,0.0204775316813609,0.0,0.0
-0.0351125658940247,0.0,-0.0047802638867334,0.0072299566921749,0.0,0.0
0.1216776803251136,0.0,5.219724852865287e-05,0.0127272142277296,0.0,0.0
-0.0327170849701801,0.0,-0.0303661778385609,-0.0327156130088981,0.0,0.0
0.0056211502704304,0.0,-0.0002615703715051,9.526082976776385e-06,0.0,0.0
-0.0330514414965819,0.0,-0.0084181766399271,-0.0016764407339194,0.0,0.0
-0.0670910228134786,0.0,0.0015179047589551,0.0094329756527796,0.0,0.0
0.0086366977325909,0.0,0.0185899881346823,0.0229940674152165,0.0,0.0
-0.0211056872123247,0.0,-0.0104050483228838,0.0043215076602731,0.0,0.0
-0.011991308090427,0.0,-0.0040574274398837,0.0076464743889009,0.0,0.0
0.0188684843043827,0.0,-0.0010384651930294,0.0059075486827059,0.0,0.0
0.0545589842504341,0.0,-0.0077031372983893,-0.0038839025120197,0.0,0.0
-0.1122673018710811,0.0,-0.0256822152640358,-0.0175450011925255,0.0,0.0
0.0889896170017356,0.0,0.023324940719335,0.0284601654190237,0.0,0.0
-0.1679328193418552,0.0,-0.0164371488817447,-0.0181717282171552,0.0,0.0
-0.0966682444138955,0.0,0.0293854640768306,0.044991785736129,0.0,0.0
0.1474971452731761,0.0,0.0345986383857251,0.0425585261547779,0.0,0.0
0.039272933837906,0.0,-0.0292357133084944,-0.031510602315725,0.0,0.0
0.0264105527577411,0.0,-0.0288933409460032,-0.021251676585421,0.0,0.0
-0.101623774961177,0.0,-0.0154968792832554,-0.0143068897845558,0.0,0.0
0.0393289734110462,0.0,0.0193943447979052,0.0262358520506517,0.0,0.0
-0.0074703233651653,0.0,-0.0018069716660271,-0.0039236062269106,0.0,0.0
0.0175680193962088,0.0,-0.0067709794178039,0.0010743868243135,0.0,0.0
-0.0006700167754845,0.0,-0.0058759251245291,-0.0049449942293886,0.0,0.0
0.0199077576579256,0.0,-0.0131964177030312,-0.0012749614114629,0.0,0.0
0.0304132143114008,0.0,-0.0152020433117597,-0.0063534226665374,0.0,0.0
-0.0038314223115554,0.0,-0.0142574409772509,-0.0110342561628543,0.0,0.0
0.0364361913141992,0.0,-0.0175864508762467,-0.0021543813607822,0.0,0.0
-0.1288714290329249,0.0,-0.0117990293449481,-0.0115820990965728,0.0,0.0
-0.0021074823395652,0.0,0.0394549063468495,0.0352384677100224,0.0,0.0
-0.0601412646720138,0.0,0.0049170267865592,0.0112264283384945,0.0,0.0
-0.0059925272960601,0.0,0.0086764689076306,0.0214453036552846,0.0,0.0
0.0483965408618498,0.0,-0.0090447396227369,0.0082503952232848,0.0,0.0
0.0212472582198746,0.0,-0.0150960792221635,-0.0120493357745787,0.0,0.0
-0.0688927663765017,0.0,-0.0233471151391057,-0.0099919833835653,0.0,0.0
-0.0406030495214917,0.0,0.0172743269468617,0.0177007042324523,0.0,0.0
0.0975111817933713,0.0,0.0022361278594151,0.0175213786946412,0.0,0.0
-0.0427446454120152,0.0,-0.0262228071016336,-0.0240168992300432,0.0,0.0
-0.0769018274932875,0.0,-0.0016385327419636,0.0056342073824934,0.0,0.0
0.2149566527096276,0.0,0.0285591226833761,0.0247998611553986,0.0,0.0
-0.0763422770975141,0.0,-0.0516012267658448,-0.0571069945948261,0.0,0.0
-0.1086908831398378,0.0,0.0029212688377079,0.0057866525522219,0.0,0.0
-0.0323244540098137,0.0,0.0329154026908505,0.0343939085458463,0.0,0.0
-0.0292703823001136,0.0,-0.002058087170982,0.020048816465336,0.0,0.0
-0.0293030593689831,0.0,0.0082495964511648,0.014822750134966,0.0,0.0
-0.0051107436625592,0.0,0.0063788226799761,0.0132628477691234,0.0,0.0
-0.0490036797034978,0.0,-0.0115928949604764,0.0055278323728352,0.0,0.0
-0.0044943895878395,0.0,0.0068093782770206,0.0163883365864639,0.0,0.0
-0.0904571101552509,0.0,-0.0079683321202344,0.006281483798552,0.0,0.0
0.1215017318372115,0.0,0.0074760028155998,0.0290657854663418,0.0,0.0
-0.166895304097574,0.0,-0.0339152834038096,-0.0277552610893692,0.0,0.0
-0.1941560144409573,0.0,0.0527773346110948,0.0418016150690716,0.0,0.0
0.190019503889177,0.0,0.067012274631283,0.070882043019842,0.0,0.0
-0.0466680650836792,0.0,-0.0396036197608656,-0.0357754100788758,0.0,0.0
0.0832947430599135,0.0,-0.0125597639818856,0.003280835307255,0.0,0.0
-0.0050075217306222,0.0,-0.0167694594226357,-0.0240241393780077,0.0,0.0
0.0393751652348299,0.0,-0.0139813650200823,-0.0057028057836694,0.0,0.0
0.0257279555225196,0.0,-0.0155771255716068,-0.0135306740087668,0.0,0.0
-0.0132577699456506,0.0,-0.0048510179142799,-0.0117827587078969,0.0,0.0
-0.0329487169204094,0.0,-0.0093103832840658,0.0004521228705062,0.0,0.0
0.0611460737822469,0.0,0.0029568046103974,0.0100414628918192,0.0,0.0
0.0219990539953682,0.0,-0.0278785417504561,-0.0153408540898159,0.0,0.0
-0.0219990539953682,0.0,-0.0105852281503274,-0.0112064456351689,0.0,0.0
0.0860841632004376,0.0,-0.0140351311912338,0.0032507849894847,0.0,0.0
0.0610247018377743,0.0,-0.0416562576508315,-0.0248710041934223,0.0,0.0
0.0369103540200974,0.0,-0.0196455467263707,-0.0257908143927456,0.0,0.0
-0.1656532299128228,0.0,-0.016233056570022,-0.0188240317612734,0.0,0.0
0.0995200172158226,0.0,0.0434444526626445,0.0441111533485052,0.0,0.0
-0.0585160556311032,0.0,-0.0158277414844374,-0.016633692747532,0.0,0.0
-0.0052539525411585,0.0,0.0047157275925451,0.0125889992446709,0.0,0.0
0.0736061530489751,0.0,0.0038407291363431,0.0053684478173364,0.0,0.0
-0.0331705369384858,0.0,-0.014077606584034,-0.0204870029824445,0.0,0.0
0.0477456937414535,0.0,-0.0181351011711934,0.0038187492151693,0.0,0.0
-0.0244113016796809,0.0,-0.0090161298894254,-0.0131849481526935,0.0,0.0
0.0106514730914675,0.0,-0.0062455554944067,0.003381066021346,0.0,0.0
-0.0139518061201249,0.0,-0.0074632612195239,-0.0021746778605439,0.0,0.0
0.0,0.0,0.0037013683130243,0.0035464984134042,0.0,0.0
-0.1108853915897958,0.0,-0.0056695583724546,0.001074321127445,0.0,0.0
0.1497881902593949,0.0,0.028545204489052,0.0336376474959942,0.0,0.0
0.0015885626851384,0.0,-0.0481363649222587,-0.0348782501731924,0.0,0.0
0.0157483569681389,0.0,-0.0204259696624159,-0.0109442000684692,0.0,0.0
-0.0205216357207964,0.0,-4.337380869740351e-05,-0.0080083745385626,0.0,0.0
0.0360258222567617,0.0,-0.0050282921693568,0.0037676055613188,0.0,0.0
0.0325416530736095,0.0,-0.0155353360756641,-0.0096800931855069,0.0,0.0
0.0358356443711276,0.0,-0.0192284796256342,-0.0126727695584748,0.0,0.0
-0.0115608224010763,0.0,-0.0128414237988817,-0.0145610523885633,0.0,0.0
0.1080458603785254,0.0,-0.0039632622695589,-0.0008920743431939,0.0,0.0
-0.1866361349717467,0.0,-0.0378509548405733,-0.0327118490463753,0.0,0.0
0.0498378332018756,0.0,0.0461355292984593,0.0462422557263478,0.0,0.0
0.1568183440033133,0.0,-0.0117617292552937,-0.0010708947451186,0.0,0.0
-0.0653913996540893,0.0,-0.054667444934149,-0.0474150132263484,0.0,0.0
0.040794690393235,0.0,0.010284122135747,0.0054085266566304,0.0,0.0
-0.0797696999457224,0.0,-0.0014988200391976,-0.0106196129757737,0.0,0.0
0.0210681949886879,0.0,0.006236284405829,0.0207792166868341,0.0,0.0
0.0076151285272523,0.0,-0.0013992183967633,-7.771445105823203e-05,0.0,0.0
0.0164162373346616,0.0,-0.0118731640125944,-0.0023015620087217,0.0,0.0
-0.0164162373346616,0.0,-0.0105819230815218,-0.0056130517991519,0.0,0.0
0.0412081268581197,0.0,-0.0051109070716381,0.0032539619823809,0.0,0.0
-0.0377657826671464,0.0,-0.01562346958783,-0.0113909456933341,0.0,0.0
-0.0335461224912041,0.0,0.0095026388573652,0.0079311110839807,0.0,0.0
-0.0668629452291265,0.0,0.0045510852532448,0.0124673133600197,0.0,0.0
-0.052253601759685,0.0,0.0245204345261315,0.0238369643336728,0.0,0.0
0.014308670195561,0.0,0.0144276175691365,0.022863880335089,0.0,0.0
0.0364240187234168,0.0,-0.0132167674943351,0.0025787531809643,0.0,0.0
-0.0254348971478215,0.0,-0.0190152425470697,-0.0101567840566324,0.0,0.0
0.1314801098539657,0.0,-0.0040905745089451,0.0045980649813273,0.0,0.0
-0.0312851374970346,0.0,-0.043301567416564,-0.0381015971411045,0.0,0.0
-0.0337554489652163,0.0,0.0001389793034253,-0.0020383288159777,0.0,0.0
0.0,0.0,0.0034135968094936,0.0095357356835897,0.0,0.0
0.0588613700962925,0.0,-0.0044307748981476,0.002873266848039,0.0,0.0
-0.0145684158282906,0.0,-0.0153344046797612,-0.0168076748688818,0.0,0.0
0.0248459985865308,0.0,-0.003573349205004,-0.0006635067699523,0.0,0.0
0.0162275366217565,0.0,-0.0043164521243323,-0.0076530294985861,0.0,0.0
-0.0459772227928167,0.0,-0.0062454123008842,-0.0071637563013878,0.0,0.0
0.0626054742303958,0.0,0.0092665742071352,0.0116672160888969,0.0,0.0
-0.0079470616925316,0.0,-0.0146375499764887,-0.0152908878666902,0.0,0.0
-0.0249087263668039,0.0,-0.0103934705608959,-0.0021967302483622,0.0,0.0
0.0034025211458397,0.0,0.0144561104209925,0.0068309289431283,0.0,0.0
0.0561388725451772,0.0,0.0013984536307449,0.0010388510669147,0.0,0.0
-0.0541029030600785,0.0,-0.0206379236368857,-0.0165409278980086,0.0,0.0
-0.0579164278795545,0.0,0.0140397062902859,0.0112913143054564,0.0,0.0
0.067363191789644,0.0,0.0047414693660626,0.0207965341844932,0.0,0.0
-0.0832940138618383,0.0,-0.0275991070690993,-0.0139778204889527,0.0,0.0
0.0021873869458,0.0,0.0165084460020725,0.0208291089167202,0.0,0.0
0.1095759445325654,0.0,-0.0025805462362498,0.0056083688859774,0.0,0.0
-0.0406316296990985,0.0,-0.033296682027237,-0.0312189367130247,0.0,0.0
0.010818225858717,0.0,0.0038502732842144,0.002836309365114,0.0,0.0
-0.0397857685302875,0.0,0.0011783359149841,-0.0023883890185416,0.0,0.0
0.0498226543942124,0.0,-0.0126186015373041,0.01124187584987,0.0,0.0
-0.0442399462450548,0.0,-0.012439805709415,-0.0115791573013817,0.0,0.0
-0.0267999114135433,0.0,0.0148177214000644,0.009819178944029,0.0,0.0
0.0921210072617197,0.0,-0.0108544016060468,0.011008106526645,0.0,0.0
-0.0098264793314282,0.0,-0.0296167865221716,-0.0243542362890989,0.0,0.0
-0.0112546702716933,0.0,-0.0093219583572246,-0.0043545177857463,0.0,0.0
0.0151968567174325,0.0,0.0054152214728896,0.0020816349756016,0.0,0.0
0.0013106161771201,0.0,-0.0146470534211065,-0.0039302443654273,0.0,0.0
0.0738272703974924,0.0,-0.0134111592110412,-0.0015650770256094,0.0,0.0
-0.0378105157351127,0.0,-0.0248882181464711,-0.022635993308272,0.0,0.0
-0.0262415057577376,0.0,0.0093358279666435,0.0045669501708904,0.0,0.0
-0.0006487188031591,0.0,0.0088308080375105,0.0092628065045669,0.0,0.0
0.0536914547876401,0.0,-0.0024889519445661,0.002986140174923,0.0,0.0
0.0556197152750934,0.0,-0.0270501634315276,-0.0152209202321922,0.0,0.0
-0.062407769726092,0.0,-0.0096331980833756,-0.0212688271228387,0.0,0.0
-0.0244449652389322,0.0,0.0243606588882523,0.0123657032436028,0.0,0.0
0.0745610964534675,0.0,-0.001686369038275,0.0110656495212725,0.0,0.0
-0.0262544912876556,0.0,-0.0346599022310241,-0.0190626036993833,0.0,0.0
0.0564191913339229,0.0,-0.0026076936819059,0.0021692614278858,0.0,0.0
0.0392207131532815,0.0,-0.0197790313938274,-0.0162855917797385,0.0,0.0
-0.0380785085745039,0.0,-0.0233772004226,-0.0166629604456124,0.0,0.0
-0.0034305350967898,0.0,0.0122033389254288,0.0064415238390119,0.0,0.0
-0.1018031494365088,0.0,0.0056115247926832,0.0029742859341111,0.0,0.0
0.0561009959556537,0.0,0.0190568446319913,0.0314803565899982,0.0,0.0
-0.059912944663071,0.0,-0.0083290796221461,-0.0073860469767313,0.0,0.0
0.0557074713576737,0.0,0.0153301533774276,0.0157862244450279,0.0,0.0
0.0089901714287332,0.0,-0.0088826416907732,-0.0119817845018025,0.0,0.0
-0.0352191834235915,0.0056397452604414,-0.0117033492951719,-0.0062901172021529,-0.0086664898898328,-0.0017466747189634306
0.0061614489440486,-0.0061267715312538,0.0007010032289558,0.0086431747795057,0.0104375409960983,0.006590583842861139
-0.0173486383346128,-0.0013375789592475,-0.0021030208800309,0.0007083095639471,-0.0058233521116946,-0.0034260930766427406
0.0676586484738148,-0.0049472076911768,0.0010424964470865,0.0053533956122534,-0.0005869877032121,0.006588961497844755
0.0361381452078291,0.0145295856143143,-0.0167401547289989,-0.0186771645622023,-0.0118581896240368,-0.020934262240641578
0.0033745813801449,0.0158099884012376,-0.0165900580196602,-0.016296544332862,-0.0065970513697765,-0.004393385392217432
-0.1046744948632012,0.0082512819184873,-0.0066867023368262,-0.0057429068954437,-0.0016796424851583,0.010409393851317606
0.0361226907664677,-0.0221986141301195,0.0174464766303038,0.0296728127077955,0.0411124089293592,0.036697784241237895
-0.0436321127885994,-0.0014102037470782,-0.0141778027088969,-0.0019311173328161,-0.0006661503335999,-0.002572037651866562
-0.0241588354767356,-0.0115264517184476,0.0033410036622749,0.012455192245667,0.0170725755373539,0.01616758098815469
-0.0273989741881148,-0.0114191404994359,0.0048471864723913,0.0108558492890598,0.0192097295055939,0.007989679649631262
0.0124878389182061,-0.0121757088454087,0.0159284994641372,0.0112734363044156,0.0141534939095964,0.006272905486839355
-0.0006533812712028,-0.0025975989469273,-0.0035435661609315,-0.0005238731744945,-0.0014983548117249,-0.008131991253344744
0.0013063359140552,-0.0013803317565252,0.0004958195101119,-0.0001223176696479,-0.0079235942547951,0.0029553680780441227
0.019392980099095,-0.0003217222510234,-0.0037935619398942,-0.0005865102899149,0.0061982828773089,-0.00014501219737881476
0.008288220860102,0.0046784992624784,-0.0054816240785942,-0.0061083908196627,-0.004074841467113,-0.013805128262441107
0.0471258926603948,0.0042570077786285,0.0020965688723296,-0.0044166716524666,0.0069269958061845,-0.017538323012667598
-0.0024257137424879,0.0137309241817796,-0.0149564351207098,-0.0154404308188615,-0.0203209122559872,-0.022204546149064884
-0.0208596520524313,0.0058323111356639,0.0029844976772996,-0.0039048292813165,-0.0008478654987211,-0.01348632526414463
-0.0024829311328256,-0.0024606464143079,0.0059852482176775,0.0050197326456465,0.0171383393342795,0.0024712308312249396
0.008047087682975,-0.0017717360524788,0.0074890237420991,0.0021862853911284,0.0142673062324716,-0.00040752994381820654
0.0219521010198819,0.0011734121620788,-0.0037387875100575,-0.0017981328214126,0.0148580036816287,0.003955369926575607
0.0084084579494065,0.0060166246072927,-0.0050490551145131,-0.0071101602218023,0.0024359285570994,-0.000659062080542048
-0.0907154884260146,0.0049141958873038,0.0009902705336828,-0.0046272684155741,0.0047366967562752,-0.0018556623153343004
0.030315123758716,-0.0202867534401639,0.0210531377265577,0.0256405945435768,0.0279524532380343,0.025480557508606883
-0.0140757282341841,-0.0019602393484434,-0.0104740022277135,-0.0015014817825737,0.0020143510633411,0.0005790003366235301
0.0581959624563079,-0.0044240484247752,0.000844783589764,0.0036399512106784,0.0066391679488644,0.009807153150023814
-0.0466647648571187,0.0124183859203773,-0.016944607897988,-0.0163837149322278,-0.0208897048979921,-0.014082708401643985
0.0665269886847976,-0.005799501754672,-0.0003866304699851,0.0089851470550885,0.0118238227511394,0.01460501742797573
0.0528118071326337,0.0138482629613094,-0.0204500690540259,-0.0172760569026231,-0.0075479586918004,-0.010229625012628531
-0.0720663129227698,0.0196427510158692,-0.0236982414959988,-0.0208666898474707,-0.0180778468422484,-0.018759822584527876
-0.0568725566236807,-0.00873866143329,0.0216610543316169,0.0153586028022261,0.0059859717232273,0.013213444168646461
0.1083784651022714,-0.018258847096697,0.0202944163970324,0.021567992087367,0.0185110571145502,0.026677690130200937
-0.0358334960709587,0.0184299433541646,-0.0418948840507235,-0.0260992179492349,-0.0122836907876286,-0.026241395327655077
-0.0138514710850481,-0.0002843444219681,0.0117745717289233,0.0029551029259469,0.0134131697268927,0.005859313237171671
-0.0245561755672154,-0.0035826273918281,0.0054443436524711,0.0050697191361378,0.0149066071287505,0.016908160875753718
0.1357818106774395,-0.0077944198415209,0.0049346743550411,0.0088946314946769,0.0262025946775071,0.023546196566648993
-0.1395178050602705,0.0301592189441572,-0.0574902091553298,-0.038268680088999,-0.0541989048909745,-0.035955089131122456
0.056985112624674,-0.0206060695284897,0.0496770169763937,0.0308340214299431,0.0512034489086832,0.0397892462845634
0.0781824952544436,0.0045315335406414,-0.0089796839180104,-0.0079661997888702,-0.0020943725188424,-0.0028974605318919768
0.0081411575837,0.0215934300677646,-0.0299022516308033,-0.0262119982470273,-0.0342550083943696,-0.02630295356378821
-0.1315256833970117,0.0121492593909868,-0.0101189894119106,-0.0102750960270866,-0.00990505453638,-0.003343275404034168
0.0929534086107723,-0.0270580124595354,0.0353787595993249,0.0372184570569787,0.0482849203345888,0.030993002269825567
-0.0880333494853227,0.0104641339991893,-0.0239142990738132,-0.0170431925683615,-0.0406856174555093,-0.027942000399932117
0.0606967953215722,-0.0170173044913539,0.0242722456539781,0.021928600083951,0.0294761131633101,0.024445622216117336
0.040175134080937,0.0071380631358896,-0.0266653233494998,-0.0119241825210996,-0.0062624992995709,-0.004000606900529552
0.0375554338342194,0.0133505170858066,-0.0320202042599449,-0.0159787332290303,0.0001784954508367,-0.012135680296536168
-0.0281708769666959,0.0156102381141729,-0.0193686168426891,-0.0163007910973237,-0.0121278945100227,-0.015377394745210268
0.0366815666346047,0.0003020904963823,0.0092553532288563,0.0038396757284785,0.008053849740663,0.011349652082907858
0.0374264055191169,0.0092761747364138,-0.0079447906117467,-0.0099099008508802,0.01477818253931,0.0021440916667382695
0.0546041340348519,0.0136682590633334,-0.0113044829962119,-0.0142969472111391,0.0118175067203391,0.00528343108771958
0.0086580627431143,0.0200047055950071,-0.0193594311831628,-0.0207740279174056,-0.0049724164416025,-0.003366500807921932
-0.0927750817063799,0.0115332662940405,-0.006586405661622,-0.0085949163019168,0.0075571329590568,0.0077134434336083805
-0.0255468922546135,-0.0176969511855345,0.0249198815385285,0.0261851144970174,0.0351349686072325,0.03950807988842639
0.0787563737548024,-0.0146572207949053,0.013888100388462,0.0160940866506429,0.0322001475169529,0.04055475571047862
-0.0191152701572123,0.0127416106698438,-0.0307840925082424,-0.0189562633501474,-0.0010990603755002,0.0011495454255965251
-0.0010162602500667,0.0012124797181991,0.0014705435999177,0.0003657171913415,0.0224437374292242,0.016822708664519893
-0.0876123802207757,0.0003152772470396,0.0098513857729166,0.0007404129536425,0.0029248914251932,0.005493061945449663
0.0931890740143739,-0.0216697498805847,0.0151434648454529,0.0274165610338768,0.045048895242559,0.033189072185454575
0.0110609473594252,0.0130485682919772,-0.0371865463279269,-0.0200272070897644,-0.0089618999816392,-0.010674842578306474
-0.0523464803722086,0.0088709515203149,-0.0025467610427384,-0.0092816092795542,0.0092412689060936,-0.010282945118761709
0.0657561672821263,-0.008877241958166,0.0201684065424751,0.0135970160480846,0.0334996985428692,0.011073686571427157
-0.135012508669166,0.0122136196455297,-0.0188028008521198,-0.0158263539363029,-0.0245618356995675,-0.03186043299417698
0.1236008244219215,-0.0278961448054521,0.0480543585178477,0.0372592508673475,0.0547161856852058,0.03672714807847679
0.074499968310052,0.0177031842978251,-0.0333450500795583,-0.0266884024763058,-0.0360909668832043,-0.013318652761722992
0.0165368949944646,0.0268506058418157,-0.0396127389600838,-0.0311362913295531,-0.0290701973265099,-0.019129187140437723
-0.1780482402941468,0.0167042959254492,-0.0214829510634241,-0.0142834961807783,-0.0218485220271587,-0.017149640837690525
0.1038351285675451,-0.0365080461238201,0.0588124245918169,0.0516188712678115,0.0618088235349047,0.05362529340554853
-0.0143318489677355,0.0087442340286038,-0.0267796029187407,-0.0160708714730006,-0.0184880159659921,-0.005874284273474183
-0.0024919026101795,0.0005298934052317,0.0043719018016313,-0.0002043298522574,0.0004269519781251,0.006958100328440683
0.0187845365198553,-0.0003721546201997,-0.0013085892167748,0.0010639720168824,0.0033041116539374,0.0038580432450782826
-0.0162926339096758,0.0045033423778,-0.0084922111297457,-0.0052316022480433,0.0031164948043433,-0.0108602446649792
0.0481025448463183,-0.0019463059625227,0.0023665228035564,0.0038426707145177,0.0125247881609598,-0.005611580740852147
-0.045616836382746,0.0110663301501955,-0.0089556070195711,-0.0135749306184756,-0.0113541743522249,-0.03652001657448074
0.052707388424749,-0.0061723191460023,0.0102923161900701,0.0104911814000566,0.0028706681137201,-0.00045230779133254885
-0.0937569824949253,0.0102321004474901,-0.0161608541797326,-0.0129376761470249,0.0042751945219515,-0.03243404756915141
0.1633463160378907,-0.0185513889857526,0.032014051154454,0.0259340097408914,0.0267174984932748,0.04493606478822935
-0.0710034275801634,0.0319810975356453,-0.0504732528866626,-0.0433362946873341,-0.0435963535246034,-0.030803050531241737
-0.0784716154414955,-0.0026903781404608,0.0133190541595807,0.0092771706778693,0.0184306249397875,0.001350258103376599
-0.0582995208374379,-0.0208023861767603,0.0257693417858657,0.0284404555030737,0.0300565476726023,0.026740757849478543
0.0567677360089513,-0.024269065603898,0.0219771262250124,0.0278194170471016,0.0235524259263731,0.022772065391811223
-0.0562270493237058,0.0027603722582143,-0.0261317428467139,-0.0089378002557972,-0.0125220255869662,-0.019895134962985894
-0.0301806171499912,-0.0127079286070332,0.0165119332522741,0.015311846282236,0.0154349958187874,-0.006977575461769114
-0.0751798985078346,-0.0134725225631091,0.0149461533026397,0.0146521339677027,-0.0108655396590865,-0.01607131083914378
0.062283728750482,-0.0250368017087794,0.0169046547245495,0.0285422843618226,0.0129018291274381,0.006651611193624382
-0.1760209058873219,0.0037741074327722,-0.0145969919657301,-0.0106100768221414,-0.0356596719738143,-0.041401639514681544
0.066387416529376,-0.0420642181968129,0.0640048318236478,0.0525288503980901,0.0496467545014666,0.0339192885883345
0.0334396482052925,-0.0031855796088665,-0.0105640778585545,-0.0044718335883474,-0.0319757460654466,-0.056455312619135
-0.1537447532943856,0.0068340157032164,-0.0220369818229672,-0.0121286437800145,-0.0666971669827575,-0.04937451571824793
0.0798241523235248,-0.0350826021020746,0.0509369507258066,0.0450810801148987,0.0218744807300193,0.006246736804746397
-0.0046007310859375,0.0034331150717802,-0.0159579898210723,-0.0112677020087681,-0.030190117905592,-0.041610504658616564
0.0065660117708912,0.0004635828198637,-0.006797165113751,-0.0022957605407385,0.0134987454369409,-0.03446461288606151
-0.0359798969771842,0.0018523952686639,0.0045941421968326,-0.0029896319317166,0.0066101110315937,-0.03385857663863589
-0.0047602946063003,-0.008091527343968,0.0139235355428569,0.0104032335705122,-0.0039729832218517,-0.01770853520409666
-0.0604116247336889,-0.0049783283688586,0.0035778253454746,0.0046618189340505,-0.0125918063794603,-0.02119916903984946
-0.0368773350141804,-0.0173775018790457,0.006998675601667,0.0205741375637398,0.0085173226890946,0.004527636543227149
-0.1111372490398121,-0.0173290247368729,0.0082105044590157,0.0179915492308976,-0.006670794142158,-0.03134518392763229
0.0314075402107345,-0.0357987601355968,0.0244684719493551,0.0404082069110495,0.0143718297678442,0.0074772081186304865
-0.0347717149563662,-0.0089594551868644,-0.0079062642166379,0.0023298515742465,-0.0242634203573421,-0.02745922399764087
-0.1654470439499835,-0.0128587166050471,0.0018925683111825,0.0111813093604301,-0.0365016138118153,-0.031751988715652116
0.0059464991877264,-0.0483489874408055,0.0448996306742712,0.0547190480411349,0.0061813142158457,0.006834303457777732
0.0510462282961139,-0.0206571737455193,0.0138790163661026,0.0142891681823906,-0.0246052715071022,-0.033500996427431796
-0.1174309849574468,0.0030286570484958,-0.0166424733585268,-0.0122514115919581,-0.0675298862221811,-0.07040897126333671
0.0859548528554299,-0.0286489349332152,0.0367991587410515,0.0320437887228328,-0.0151476901345054,-0.01821365011417629
-0.0568164750436608,0.0083625614192884,-0.0263515101498887,-0.0177406214024318,-0.0700218880922544,-0.07017190800893329
0.0892311337279423,-0.0102286832567139,0.0096983224613764,0.011413540667303,-0.0264052880497585,-0.027103813190253918
-0.0995405033868035,0.0174259483763697,-0.0338266930298807,-0.0253028965023823,-0.0773961970026571,-0.0586667979033965
-0.0753043830641306,-0.0166195050224388,0.023459309657068,0.0225773811673835,-0.0232388446685946,-0.015549183942656784
-0.0911846234148523,-0.0270194623172979,0.0308339712513622,0.0298358616307586,0.0150208978679507,-0.01847432332885403
-0.0323411270923488,-0.036305887012362,0.0092469460607272,0.0365361069886455,-0.0102377980842595,-0.0013172708288612806
-0.2355463180312531,-0.0262382252792682,0.0038610057176226,0.0200177428913151,-0.0301808259960036,-0.03688986010586924
-0.1278333715098849,-0.0720056921474473,0.0639578736241044,0.0660572711482594,0.009939633944795,0.007498139478815544
-0.1657326441008706,-0.0679611889511949,-0.0050604826297568,0.0286142233988091,-0.0321807251846146,-0.06430232061217915
0.2240015522248466,-0.0789092128065078,-0.0114110606238323,0.0152925963029281,-0.0278508049304074,-0.050308395139606506
-0.133776460632121,0.018293510305804,-0.0651775107773187,-0.048558036457544,-0.0513432011288985,-0.134569549732937
-0.1075415416041858,-0.0242973600051282,-0.0069889429407483,-0.0138126238041466,-0.0657125551801654,-0.09547075601460034
0.1497743052274591,-0.0390340654036105,0.0188720027796694,0.0149492363179945,-0.000328646510318,-0.06152639808802057
0.0898269583897937,0.0179265436050595,-0.0629549662102975,-0.0661343658178843,-0.0629293822667416,-0.12168282467007217
-0.0017196908795273,0.0314200113999781,-0.0647896450485563,-0.0553126978722346,-0.0532765411088261,-0.08916647698265803
0.0288399970987205,0.0152800829801072,-0.00033257720688,-0.0121366619903277,-0.0125029165363395,-0.015955990058264
-0.0134682170508666,0.0139264645741568,3.159471801111565e-05,0.0013733656561421,0.0065681042154484,0.0025772236842788645
-0.1091341050414653,0.0040579661196502,0.0111833966244337,0.0167075430583669,0.0131482246698557,0.02476192302648842
0.0816409644612674,-0.0252545432005412,0.0376045434991291,0.0291139385394138,0.023634549462308,0.06747282049247776
-0.0300641563922825,0.0077829695150462,-0.0297721997346753,-0.0169212692047984,-0.0262098548482263,-0.024331297254910927
0.0592507774788142,-0.0036245543405475,-0.0160481673606289,0.0020186426745636,-0.0353781913895705,0.025629595531082457
-0.0274459766087478,0.0130004171994298,-0.0177590998296551,-0.0182705926273671,-0.0141385140642996,-0.00320586734416025
0.0849803303027476,-0.000361285552472,-0.0108471216598133,0.0009275382068461,0.0127905761015498,-0.01395422559545582
0.0709079694230512,0.0210644397994508,-0.0413975976316242,-0.0259412762587121,-0.0145761353181346,-0.023760560512155887
-0.1250639415254237,0.0274215444169484,-0.0364257509848546,-0.0293259793265759,-0.0434811563126019,-0.022036139984749528
-0.0770959574881953,-0.0182900036805153,0.0351285063092864,0.0260470103866156,0.017765356989634,0.01892488703205606
-0.0054794657646253,-0.0277721395763058,0.0161618133031322,0.0280056162496825,0.0209288469517838,0.019019142964393054
0.0909717782057262,-0.0143827058267639,-0.0023288636499776,0.0078257575688094,0.024119684774179,0.019738051157194854
0.0198682032167258,0.0159122115679819,-0.023775338186305,-0.025695548766489,-0.052560379506578,-0.007912591261033657
-0.1615550740014688,0.0124064974344691,-0.0126902538370353,-0.0147672953678201,-0.0074615178754803,-0.01691581831791499
0.067064230580546,-0.0344154542010052,0.0444752299209226,0.0407757981430905,0.0354521576081315,0.03553290495631611
-0.047979681888135,0.0005683210757389,-0.0068497768226834,-0.0093990656676888,0.0031022947840196,-0.017582482078369745
0.1192522352070506,-0.0116816648096872,0.0036838185823649,0.0094050826971963,0.0343820342653467,0.003801102327910636
-0.218540069654435,0.0242208211612773,-0.0434430220895365,-0.0337404260690742,-0.0441025657615608,-0.06750929536507227
0.1363978440986155,-0.0427646407034057,0.0655246248099043,0.0525894469238107,0.0793211283985382,0.03677521356517788
-0.0485169774446072,0.0127171406729509,-0.022264333353766,-0.0266627590715018,-0.0674409536807833,-0.04131390606601438
0.0683553196642714,-0.0057706740246763,-0.0035677489741242,0.0046818787911036,0.0151012586609474,0.006712372671388888
0.1161944729712463,0.0142034929037296,-0.0183119509623958,-0.0207531713567216,-0.0239002986268182,-0.013342515107331207
-0.0405570587656258,0.0361503646946764,-0.0532817965240192,-0.0422063238565191,-0.0381162131140478,-0.03918711629636085
-0.0561849882788045,0.0079359176559317,0.0064419452381589,-0.0020930547182592,0.0026515625756933,0.010195737349209387
0.1418157216693067,-0.0100782882417352,0.016444548078177,0.0143983807147344,0.0481490096079664,0.036800063633914665
-0.0466647648571187,0.030414786296459,-0.0556539074106358,-0.0394966523965546,-0.0220297766343019,-0.013953719101386122
0.086878671794027,0.0035412019339498,0.0002474314097387,0.0005997720739156,0.022164696268844,0.02378588009010979
-0.0417348197776155,0.0234902689154816,-0.0313580808962589,-0.0271285226014427,0.0142395761957315,-0.0032176224655552504
0.0619667237492,0.0013114295133369,-0.0002309042059997,0.0028931618177555,0.0353227413298387,0.04062512095053246
-0.0014316394714377,0.0161473956939684,-0.0223108210799889,-0.011439720490039,-0.0264333292878697,0.02947846858190863
-0.0651117513051735,0.0077157879791248,0.0028431163145043,0.0031207456696669,0.025840921611615,0.01189129771517034
0.0919684891424212,-0.0124200438367309,0.0143313875523291,0.0160089174897606,0.0127626690443808,0.03763770550937668
-0.0126317469059005,0.0167821003672398,-0.0213735496419037,-0.0253153882475856,-0.0304198438877206,0.016567261382864122
0.0708743395866573,0.0052331134571447,-0.0015662007280858,-0.0014345128495891,0.0310751021290162,0.03188788935155882
-0.0185928330766165,0.0203351416252367,-0.0202327148005216,-0.0228144677696643,0.0271286043668525,0.00023826584855768732
0.0053476063265955,0.0055193625434642,-0.0009801729766503,0.0064995975769737,0.0089800986351707,0.020809242098146722
0.1507162173786236,0.0040965828533809,0.0071004643612109,0.0059414890245293,0.0216220097512495,0.02465387027664383
0.024916351264534,0.0397273457713463,-0.0695533989497356,-0.0479528786842127,-0.0278130994607506,-0.029751328090793727
-0.0376112707457831,0.0260927607018066,-0.0161972790550499,-0.0104688855152918,0.0039169175858462,0.023376108105189468
0.1025691670205564,0.0036435626644575,0.0273121911209217,0.0262384332938425,0.042798743286269,0.062500585163591
-0.0694422087221013,0.0274640730873678,-0.0119474225833657,-0.0177288513543173,-0.0137676838421965,0.02018521447613683
0.029886009530279,-0.0036285156368413,0.0305535438259634,0.0311886272359229,0.0547786881343763,0.06137647413054658
0.1220149505629635,0.005657244564149,0.0045024379755499,0.004490314807215,0.0369161654332003,0.04516226114324502
-0.1943628753277488,0.0333323599228154,-0.0428499994102692,-0.0390420901154243,-0.0351402827202529,-0.02113310754425137
0.0690710239624703,-0.0319245388705295,0.0868915515503751,0.0678539064875461,0.0713525741581439,0.08546243733690667
-0.0892019583694478,0.0013054865553528,-0.0150763140430965,-0.0066247583821837,-0.0308671661536735,0.0028412515934882797
0.0693117998902286,-0.0216477463146855,0.0175128925482693,0.0251335815164365,0.0182740608128356,0.02453994049407826
-0.0055959855041214,0.0065040768152143,-0.0412338754671467,-0.0270179678155783,-0.0354911547305017,-0.03275633360166552
-0.0204088716312069,0.0018530420315768,-0.0158518968719919,-0.0115440571527679,-0.0372287189439886,-0.015454665863649894
0.0181616796743027,-0.0041756968920133,0.0065720843489223,0.0022090416985489,-0.0158865347393087,-0.007739376587429101
0.2047527503191659,0.002452571472569,-0.0026950592669656,-0.0075593253479765,-0.0088719425273498,0.01665813481277392
-0.0880952071845166,0.0524144733160759,-0.0758008094508686,-0.0764029782655345,-0.0739697709107332,-0.07287053971549291
-0.126832871176302,0.0041834348619088,0.0340293330093981,0.0237134259577935,0.0227493178454361,0.012321496564989919
0.0302205426428843,-0.029616500363121,0.0646360428315692,0.0655427970065868,0.0511563263812594,0.07778147252672785
0.0421001189367418,-0.0072531145208394,-0.0003861576153962,0.0069454051755834,0.0091768137356089,0.010947088496265439
0.1250387725788693,0.0068984724737657,-0.0151852665426201,-0.019796117687898,-0.0028805515420866,0.006946774658187178
-0.0685265623155269,0.0347089293816001,-0.0540109873351361,-0.0538260995500081,-0.0373834890315145,-0.043951869499666917
-0.1141681984387217,0.0002228241119183,0.0135574088639057,0.01598281393658,0.0267393207152871,0.03287537559674081
0.2020949073000402,-0.0284306375537212,0.0434582494006285,0.0527399709963449,0.0963804825879022,0.07466422975014798
-0.1339235751251379,0.0363084080481494,-0.0556717581823336,-0.0615729784860109,-0.0702856566476309,-0.07484398704801822
0.061854482997159,-0.0153266897572097,0.0338426520179446,0.034223958615968,0.0116404491242942,0.04926370607653386
-0.0078973756949514,0.0078002758706848,-0.0074475752210026,-0.0114336696091067,-0.0041496283926197,-0.0044279760307391666
0.0186554256615014,0.0019257940116045,-0.0112342596308108,3.443601972807854e-05,0.0079081854195888,0.0019302455431200929
0.0576446769178504,0.0056267534211776,-0.0058142195719376,-0.0058503199332278,-0.0170430468834472,-0.004976153407070342
-0.0222850447894353,0.0172245459400514,-0.0216149725359655,-0.0211995047994265,-0.0257106935253232,-0.034917381298946656
-0.1716742160847291,0.0030410117726668,0.0050715092188451,0.0073211655085467,-0.0110264765181934,0.015512370003182997
0.0318183725873835,-0.0413980481348488,0.0630512125091661,0.0701957950856914,0.0246123587963661,0.03058493397508997
0.2035136952693239,-0.0127444309205785,-0.0052074021556602,0.0011152538360185,-0.0047122944534791,-0.014110345509740378
-0.0912655070960752,0.0445062083570417,-0.0961122945724048,-0.0866978483422912,-0.1022771045297033,-0.09558521343539236
0.125049577568614,-0.0005632725954979,0.0014132296791691,0.0100058494053808,0.0016705432851456,0.023257411158907657
0.0268923768990889,0.0309807580944045,-0.0344190579143978,-0.036991607645788,-0.0224266632686376,-0.019744993993935058
-0.0686375685874951,0.0222134732719744,-0.0256485251837298,-0.0099384848105284,-0.000675838609273,0.008233220591663983
0.0686375685874951,-0.0060526555108865,0.0456356779890268,0.035937063460396,0.0324489606101867,0.05551672041112096
-0.1290401901810183,0.0141330643914305,-0.0169856548021181,-0.0068690301781903,0.0030888585171664,-0.005855988912855959
0.101295661547363,-0.0251935153495393,0.067910696571218,0.0508197662703862,0.0649712921204966,0.05698895106241911
-0.0206725708047201,0.012727157712071,-0.0260155612496734,-0.0248479038683419,-0.0078089277031957,-0.00036164761061923886
-0.0444913234451345,0.0011954361548555,-0.0138654883840657,-0.0018447559571779,-0.0101394263008818,-0.0018630005915814386
0.0694174098079107,-0.0105251127838558,0.0173542030682706,0.0156908083733433,0.0085693145268949,0.02488296613222729
-0.0785582412785714,0.0120917960600497,-0.0216797118741337,-0.0237154066459642,-0.0232276941847479,-0.03151190516666425
0.0734518472039971,-0.0135936622896179,0.0185599818986522,0.022042120629956,0.0452909659450266,0.019843360642038458
-0.0068493418455748,0.0115661306561902,-0.0233958521403617,-0.0227579682312445,-0.0204412492121064,-0.029754264035082762
0.0212502683993989,0.0040707298667014,-0.0049119976532074,-0.0042169974984109,-0.0013148196675593,-0.0027966583347715113
0.0183338468623102,0.0073479320332004,0.0005673003114525,-0.0070793176732781,-0.0034778125667342,-0.006387712568789792
-0.0586653533371359,0.0082574277321777,-0.006727700276177,-0.0057540697276074,-0.0099354545062115,0.0018635230162108588
-0.0868521793454188,-0.010537624468195,0.0115855584120334,0.0242935808783892,0.027964239044701,0.020817928351315476
0.233972953244419,-0.0269818570704522,0.0247042215432604,0.0394254457967948,0.0421142809668084,0.054600280484092656
-0.1937241888917666,0.0450023097758786,-0.0847575814414626,-0.0835153600147095,-0.0808530976205594,-0.07977894152147953
0.1175791412729676,-0.0259298923350023,0.0645602797122873,0.0507658674680382,0.0585500252851279,0.05581095319830437
0.0161815828512414,0.0164298391507407,-0.0348556407140722,-0.0289358935476399,-0.044242994560148,-0.01389477671422488
0.0331522073169008,0.0122603152881807,-0.016990464973543,-0.0137718412511698,-0.0120928978758175,0.0008207077816481667
-0.0583465508896505,0.0144182094733155,-0.0172233622904329,-0.0116288835483834,-0.0220762358206837,-0.0032989638882591106
-0.0360323856376911,-0.0073775329857548,0.0263262027629366,0.0260201363513664,0.0185404986881154,0.01978283710313556
-0.070700813832107,-0.0126968629023002,0.0308317485470879,0.0248868174358895,-0.0062252774495278,0.01236467872696858
0.1067331994697982,-0.0240236349091768,0.0134472531341864,0.0314122061064652,0.0119575909458534,0.03171329509483043
-0.050643732818755,0.0146714824128611,-0.0648334968927247,-0.0401761672386622,-0.0464246691298241,-0.029807258785925446
0.0214140945038163,-0.0053251919982581,-0.0206468013737512,0.0023205639217516,-0.0103423632032409,-0.004855925312067597
-0.0459552034199335,0.0026909276268249,-0.0122181642024593,-0.0094540887214844,-0.0149723170344055,-0.016038292346361768
0.1350829833159412,-0.0101433370415708,0.0058057160318218,0.0138516139236747,0.0176718557510111,-0.004612946051027739
0.0054116869607261,0.0286990773081998,-0.068310409155277,-0.0495528056553308,-0.0619798418387259,-0.04917126453042495
-0.0844213366911486,0.0157024603942814,-0.0032107499704768,-0.0126541608751975,-0.0105199535194186,-0.0179024899491068
0.1065343231205124,-0.0132541039756464,0.0411993335277283,0.0374283675905993,0.0583647989302043,0.04683015292644753
-0.070286532728172,0.0200065287923048,-0.0186354196628978,-0.0256985306562109,-0.0012307569444326,-0.017618045451292537
0.0649935146996787,-0.0075683687858905,0.0268774107332633,0.0233743281638852,0.0560213907594658,0.045175495149182565
-0.0245599451211875,0.0124641942819744,-0.0157580113722251,-0.0156587288794768,-0.0274025919970506,-0.0022797828546838074
0.0477906638363485,9.211086069032484e-05,0.000166234396669,0.0071386701744468,0.0376391729714058,0.02562957212343924
-0.1405400227789996,0.0119937213894322,-0.0157326729247202,-0.0139285193042859,-0.0281099083287744,-0.010008120760971297
-0.0042716852653033,-0.0291381450000337,0.0558943202392315,0.0532267260827093,0.0348523366689116,0.033941054774287174
0.0931284740924427,-0.0156369938163427,0.0012663685666909,0.0136977959611314,0.0023703288863392,0.011338395713394135
-0.0652668154006317,0.0154636216149393,-0.0528326655956046,-0.041207289385999,-0.0559229672012279,-0.04942100290090738
0.022232286627104,-0.0085848930426882,0.0111901879072436,0.0087196555157649,0.008309338068423,0.010569100456536201
0.0225452383210562,0.0012656251354318,-0.00995800329586,-0.0078007812584614,0.0015177011204206,-0.002041200511390738
-0.0969038056396023,0.0062691221479799,-0.0143632689369209,-0.0123825680331775,-0.0337365145998753,-0.02198570659974063
0.1103480571688653,-0.0210913903359105,0.0332501678162592,0.0345721970384828,0.0604434323295934,0.02838472583137857
-0.0912336611455506,0.017041319124261,-0.0507078118200972,-0.0355130170782549,-0.0396957913003545,-0.05032591868661539
-0.0199919739646743,-0.0142877557242571,0.031056171237176,0.0239185602488242,0.0213961545153681,0.02900650739466767
0.080920285614896,-0.0121418713532971,0.0097126208508905,0.0134314154067832,0.0011218869123077,-0.005824572766157696
0.0271582186523096,0.0141591357270754,-0.0386624250172601,-0.0326461644823377,0.0096435516596269,-0.017879535646384538
-0.0126885128183191,0.0138691225266151,-0.0196370046145995,-0.0216492876907225,-0.0129581292289919,-0.016881627977267395
-0.0507473855407685,0.0037624330587277,0.0066680182225125,0.0026841082344611,-0.0032079018790604,0.004514571171856512
0.1356282690481078,-0.0108056298558282,0.027076916057379,0.0254528082069569,0.0348374704315854,0.03694955411733349
-0.0824894913752638,0.0285042523341128,-0.0553041442161115,-0.044370361133682,-0.0250476498038551,-0.03972013020541535
0.0451438520164115,-0.0063702466767595,0.0277904428002873,0.023466377098781,0.0508979479094065,0.03873647927945318
0.0380785085745047,0.0081008396657231,-0.0005360257375247,-0.0061374017296733,0.0068576919720283,0.00597670546837843
0.1638367421198516,0.0135700469764877,-0.028101655293832,-0.0138062068302842,0.025679564364114,0.02164425966951068
-0.025828207382891,0.0477442090182067,-0.0794048440717268,-0.0626065517730132,-0.0327060385872676,-0.03022713785501739
0.0202154704779333,0.0174150526633806,0.0058156194381747,0.0060682394906597,0.0297582646956092,0.044253429928732727
-0.2738116503078416,0.0137613939511736,0.0189713319749231,0.0115992789947151,0.0149561490170223,0.01526293818906773
-0.3109776350553037,-0.0615722156013735,0.1202676459582773,0.1214307159907377,0.0928827938820451,0.0655206276823132
0.0890668761717261,-0.1085305165645127,0.1165539133740345,0.1225792062151884,0.0942736617148365,0.07381290938613885
0.1969302759151361,-0.0319985392393248,0.0038184763891118,0.0093267521837902,-0.017267896203084,-0.026198422326002252
0.2322085789767509,0.0359941707308609,-0.0773047202720301,-0.0595462827989203,-0.0348532069145351,-0.06462320205619071
-0.0549588842807571,0.0746976460838717,-0.103649105385273,-0.0903953971106943,-0.0742131383075914,-0.08842916344533265
-0.0007064641763268,0.021328471317056,-0.014065348556435,-0.0109319914711425,0.0366195740835021,-0.028828502601427365
0.0781382043091429,0.0098217947922105,-0.0065054591644083,-0.0033553597309849,0.0336121454861726,-0.016615324966248134
0.0110498361865847,0.0240622105459887,-0.0237776737200948,-0.0251395169764769,0.0519012088816718,-0.040731655666114246
0.0759070730887687,0.0140308293844274,-0.0134152840256108,-0.0111759576423164,0.0597880647757424,-0.0038295165419325993
-0.0547997976408218,0.0254795915450792,-0.0216316183092387,-0.0265958441173088,0.0411332626606174,0.0029493294595341335
-0.1060639979239121,-0.0017028754460659,0.0127021636828123,0.0085535450566713,0.0077762443078992,0.05605263794196243
0.2019493862571826,-0.0272106442233488,0.0324662382983658,0.034899870238003,0.0588678988402976,0.09231024147081224
-0.1028717616212508,0.037535140887084,-0.0657586890223127,-0.0515258867079904,-0.0172159852803288,-1.9387264338262267e-05
0.0019102202561196,-0.0080228824097837,0.0231748006224264,0.0158270866786416,0.0211589339210965,0.03676641330247442
0.0441751450481158,-0.0032850365150251,0.01425734995457,0.0042494908299173,0.0159615966405171,0.027989323301960616
-0.0686451361100664,0.0094607856055248,-0.0016506269901504,-0.0124178914047005,-0.0183936471401769,0.0023250721579402885
0.0514562537295555,-0.0126595045091943,0.0177053125394752,0.017379114059545,0.0091096802779533,0.027380435185174058
-0.0378594110434225,0.0068796704459212,-0.013705183117096,-0.0106403309990973,-0.0060527542554436,-0.0069798531942069225
-0.022765210773012,-0.0062030351582329,0.0113758502998539,0.0083876994728687,0.0127600963953353,0.00022458318006249658
0.0994880432372182,-0.0085767437725291,0.0090837210864261,0.0095789034172066,0.0142293933150053,0.0218684554044599
0.0136056520557792,0.0207545058737076,-0.0523830642687596,-0.0280135838604215,-0.0293964438626507,-0.00874171292919683
-0.0383280447203047,0.0131168008726595,-0.0199780311852105,-0.0129092012046649,0.0046573028488373,-0.01288416622692217
0.0769384297467699,-0.0033960810398448,0.0140001179953652,0.0078962102308725,0.0276754320120693,0.03805669289570117
0.0134757794453479,0.0175675592639656,-0.0222461569718977,-0.0214305789169278,-0.0122613191856523,-0.009868664081861567
-0.0392430223814947,0.0115905783254562,-0.0224128602932076,-0.0107539438108532,0.0076461020733444,-0.0006492501905989174
-0.1070376108067696,-0.0043393487412716,0.0172034772921878,0.0089194400950276,0.0075639751223681,0.01305115309563875
0.006435028640908,-0.0286889435073599,0.0234661019825099,0.0360031341509209,0.0288617377982592,0.033770322633529706
-0.0752434663390664,-0.0118454693165051,0.011427831394655,0.0090824688160937,-0.0006133539410946,0.0011389717876190194
0.0854541485410234,-0.0242899503792816,0.0237528121198421,0.0259203721951471,0.024468793673573,0.02704554382584812
-0.0903068443723658,0.0098941715780329,-0.0277446819853211,-0.0185381531364696,-0.0350453372269039,-0.033580764611359365
-0.0097766141846165,-0.0178506278881811,0.016659882917087,0.0221384365660539,0.0163254413743343,-0.0002576035755229751
0.0014025247740852,-0.0108020878939493,0.0087544810356152,0.0097123700508887,-0.0053087360637232,-0.010972770266804542
-0.0320426131492208,-0.0047142171598671,0.004049764720678,0.0023832330468015,-0.0195510623507398,-0.02864871384208371
-0.0542682384177153,-0.0101891509665893,0.0091874980793464,0.0104515908663559,-0.0147764091414972,-0.030542974787163994
0.1023000695047198,-0.0182902277934378,0.0024547109332575,0.0197561483282748,-0.0042444242558921,-0.01013511735053645
-0.0209066848193133,0.0169015706863802,-0.024524534617069,-0.0258365817573083,-0.0474862093269082,-0.04363915265214033
-0.0134706042583001,0.0027163567388062,-0.0019924203159379,-0.001735509545793,-0.0189864916967773,-0.01227899639635973
0.152007056284007,-0.0020812039562885,0.0089760518667182,0.003431022470327,0.0073529465892372,0.010701949552129556
-0.128725581461448,0.0368777553255891,-0.0522467105573727,-0.0462728026247481,-0.0417429965868402,-0.040070284303025915
0.0124741742251757,-0.0147692389808461,0.0374856000582812,0.0255486590558473,0.0175637410598202,0.028879595313336004
-0.1237408307691048,-0.0038167190267444,0.0063202436147171,0.0039206757245288,-0.0022383020171027,-7.719893519461153e-05
0.0568119435030052,-0.0326034540810147,0.0228738857220818,0.0395796035897472,0.0394948462151854,0.03701766555106781
0.0102565001671885,-0.0011353636383015,-0.0279444175597099,-0.0056374932149661,-0.0115368891358818,-0.006931294993174292
0.1284162919577527,0.0020219072228987,-0.0152697856084357,-0.0052212897526318,0.0041578077724894,0.013002669841843964
-0.0662493855412007,0.0329264354650569,-0.0442354926932698,-0.0419003475057231,-0.0390837893600454,-0.031700189423695346
-0.0925058963072702,-0.0010633830954871,0.0018993910712588,0.0074450908420981,0.0038900458612458,0.022518234859428107
0.1334374738641806,-0.0235345971134645,0.0277551125816342,0.0310768057011075,0.0130133593452465,0.04614799978290584
-0.1409789877369673,0.0221972160360381,-0.0364063706331533,-0.0323428040191542,-0.0238913196070484,-0.020032931222195835
