True values,ARMA,NN
,0.0066097718200218,0.0066097718200218
-0.0154002500101881,0.0066097718200218,0.0066097718200218
0.0250621609219248,0.0010578361414842,0.0010578361414842
0.0165993569444093,0.0130762081127391,0.0130762081127391
0.0149490007905166,0.007563262518769,0.007563262518769
-0.008664063901338,0.0086092942786043,0.0086092942786043
0.0389127592368208,0.0019332828229422,0.0019332828229422
-0.0057075864193647,0.0166213993774996,0.0166213993774996
-0.0403661500605148,0.000564539680911,0.000564539680911
-0.0008768084735342,-0.0044715878873599,-0.0044715878873599
0.0040269685864604,0.0075830034961418,0.0075830034961418
0.0314756398947659,0.0056470296271737,0.0056470296271737
-0.0175937581132599,0.0136024739500367,0.0136024739500367
-0.0395447360031742,-0.0018361320105543,-0.0018361320105543
-0.0137186267029143,-0.0035992573428833,-0.0035992573428833
0.0128218460850169,0.0038701069698729,0.0038701069698729
-0.0091933950794365,0.0090333185973862,0.0090333185973862
0.0362770931679605,0.0016751672001577,0.0016751672001577
-0.0251118412158524,0.0159777153102428,0.0159777153102428
0.0119271551876352,-0.004514598653832,-0.004514598653832
-0.0305449545837266,0.0110611257998642,0.0110611257998642
-0.0199011543172953,-0.004654439606988,-0.004654439606988
0.0318708293264129,0.0024819564507101,0.0024819564507101
0.0236939916599627,0.0145663607277333,0.0145663607277333
0.0501306469438835,0.0090809386230571,0.0090809386230571
0.0402055956102564,0.0177233540003139,0.0177233540003139
0.0308837594601065,0.0126964956957798,0.0126964956957798
0.0263193337384333,0.011533695978015,0.011533695978015
0.0101262861820226,0.010612757640388,0.010612757640388
-0.0133214201288529,0.0064780670953827,0.0064780670953827
-0.0027468352384634,0.0012493627600006,0.0012493627600006
0.035280999148382,0.0055278621870095,0.0055278621870095
-0.0078489851307503,0.0146649796708882,0.0146649796708882
0.0109419988639833,0.0005144593741531,0.0005144593741531
0.0442982981103439,0.0094328690306705,0.0094328690306705
0.0092424688176855,0.0160490547571799,0.0160490547571799
-0.0379279890032551,0.0047669925336361,0.0047669925336361
0.0165126876394046,-0.0049492429794952,-0.0049492429794952
0.0009963704475284,0.0124202620631366,0.0124202620631366
-0.0323868120903396,0.0035169274739294,0.0035169274739294
-0.0772667454636373,-0.0031106178380178,-0.0031106178380178
-0.1242533595466355,-0.0134668682403272,-0.0134668682403272
0.0238021894051021,-0.0233839802908599,-0.0233839802908599
0.0268437626596194,0.0193847072858416,0.0193847072858416
-0.0089255656055042,0.0086291972501843,0.0086291972501843
-0.0320602040020778,0.0018570876321721,0.0018570876321721
0.0666282002209195,-0.0025728173707259,-0.0025728173707259
0.0423930449172873,0.0253448914450839,0.0253448914450839
0.0379058693626577,0.0112252992472761,0.0112252992472761
0.0131319645560106,0.0138331290793936,0.0138331290793936
-0.0037996853983353,0.0064199422238741,0.0064199422238741
0.0459799803117677,0.0038429635751558,0.0038429635751558
0.0198710641973836,0.0180177261634414,0.0180177261634414
-0.000427807493156,0.0071115348139778,0.0071115348139778
-0.0149449541179951,0.004568609927693,0.004568609927693
0.0272776641174692,0.001326772097899,0.001326772097899
0.0260043854228628,0.0136355798685788,0.0136355798685788
0.0024677829908048,0.0099584371972578,0.0099584371972578
-0.0056299496458285,0.0045817914880561,0.0045817914880561
0.0211193897622772,0.0038450987215356,0.0038450987215356
0.0302771766266047,0.0112865225434895,0.0112865225434895
0.0122206409072962,0.0117512016484798,0.0117512016484798
0.0180554235814653,0.0067368653365149,0.0067368653365149
0.0143633564193441,0.0096740987632137,0.0096740987632137
0.0097100227621762,0.0078793167804552,0.0078793167804552
-0.0059642323916735,0.0071054075311648,0.0071054075311648
0.0364655599011145,0.0030713662310204,0.0030713662310204
-0.0147684562905414,0.0156507402185448,0.0156507402185448
0.0170489589892666,-0.001625761490471,-0.001625761490471
0.0171167854267153,0.0116656674459659,0.0116656674459659
0.0069293835316495,0.0080855788386746,0.0080855788386746
-0.0174738802594527,0.006296749582186,0.006296749582186
0.0254011775437303,0.0001742364891087,0.0001742364891087
0.007288746330806,0.0134395811910589,0.0134395811910589
0.000921765245585,0.0049445271327131,0.0049445271327131
0.0130436631920298,0.0055206704194727,0.0055206704194727
0.0147816513684171,0.0086465073253296,0.0086465073253296
-0.0486557645993084,0.0082707684579976,0.0082707684579976
-0.0015298620224202,-0.0088022184047785,-0.0088022184047785
0.0184369283071488,0.0085786513469612,0.0085786513469612
0.0328681431868842,0.0092787498867317,0.0092787498867317
0.0222391197788054,0.0129962401226837,0.0129962401226837
0.0082816208317222,0.0091121404565546,0.0091121404565546
-0.0045682045942685,0.0063849213038919,0.0063849213038919
0.0171849676316648,0.0036443801088575,0.0036443801088575
-0.0067738552654876,0.0102756792858687,0.0102756792858687
-0.0419734465563665,0.0019938704866597,0.0019938704866597
0.0301441263487101,-0.0052937084041414,-0.0052937084041414
-0.0540550913098805,0.0162040248592721,0.0162040248592721
-0.0083314529597506,-0.0124118118501455,-0.0124118118501455
-0.0025596290880107,0.0077144667303747,0.0077144667303747
-0.062366293751225,0.0038282171421316,0.0038282171421316
-0.035848846942379,-0.0113113819905723,-0.0113113819905723
-0.0087776476829306,-3.337241639132446e-05,-3.337241639132446e-05
0.0488333803149902,0.0042423927141275,0.0042423927141275
0.0041892619177854,0.0186821013315849,0.0186821013315849
0.0376446910751253,0.0026860566844061,0.0026860566844061
0.0338778687427856,0.0160742886729937,0.0160742886729937
0.0233068588092395,0.0114298194720695,0.0114298194720695
0.0170754786364462,0.0098252989974764,0.0098252989974764
0.0177612950176753,0.0085726473320676,0.0085726473320676
-0.012607492283621,0.0090974579780241,0.0090974579780241
0.0171333620780407,0.0007334877166933,0.0007334877166933
0.0157869945401589,0.0110497875696302,0.0110497875696302
0.013873054868247,0.007892298325705,0.007892298325705
-0.0015668254106309,0.0082289703979113,0.0082289703979113
-0.0318633582636485,0.0039577095717655,0.0039577095717655
0.0280929306716544,-0.003088235728858,-0.003088235728858
-0.0027319550458217,0.0150515968522753,0.0150515968522753
-0.0461893824693744,0.0017951464898652,0.0017951464898652
-0.0184613784124083,-0.0063813072347483,-0.0063813072347483
0.0712576749575237,0.0033392768696694,0.0033392768696694
0.0227352977476522,0.0249976417849883,0.0249976417849883
0.0265176600614021,0.0059972766913713,0.0059972766913713
-0.0019920325312403,0.0121653525118883,0.0121653525118883
-0.0220763967925901,0.0027768758368115,0.0027768758368115
0.0319971130793375,-0.000118872526421,-0.000118872526421
0.0243795594771505,0.015304684888371,0.015304684888371
0.015296665375474,0.0090666556480386,0.0090666556480386
0.0103823490422181,0.0082964518945485,0.0082964518945485
-0.0431721718652093,0.0071744966455695,0.0071744966455695
-0.0049140148024289,-0.0070208204761623,-0.0070208204761623
-0.0219132274307147,0.0071801573099733,0.0071801573099733
0.0199408402035103,-0.0012668181837724,-0.0012668181837724
0.0320571403761853,0.0123514217361809,0.0123514217361809
-0.053610559038395,0.0119447944666089,0.0119447944666089
-0.0457134013544173,-0.0111383398801124,-0.0111383398801124
-0.0056117464226019,-0.0027508985184903,-0.0027508985184903
0.0034978041915563,0.005835240901576,0.005835240901576
0.0106300006373274,0.0059769464960266,0.0059769464960266
0.0071976527288812,0.0078695152312182,0.0078695152312182
-0.0544657346474064,0.0064278752989741,0.0064278752989741
-0.0088193714630593,-0.0098762439417614,-0.0098762439417614
-0.0355026861862883,0.0068959039175838,0.0068959039175838
0.016950522443798,-0.0048689995214261,-0.0048689995214261
-0.0309303006913586,0.0125170744639282,0.0125170744639282
-0.1222432293287445,-0.0051529420714502,-0.0051529420714502
-0.0061985031960283,-0.0250906368595628,-0.0250906368595628
0.001718327037036,0.0117245287481296,0.0117245287481296
0.0286403329931577,0.00390074538408,0.00390074538408
0.0580848611236648,0.0133076376818488,0.0133076376818488
0.0214443677195914,0.0187325218438861,0.0187325218438861
-0.001067299241547,0.0073439627127899,0.0073439627127899
0.066220482685976,0.0043325509871989,0.0043325509871989
0.0374894070812592,0.0233649850246357,0.0233649850246357
0.0379898779030387,0.0104337435775939,0.0104337435775939
0.0253178079842895,0.0140701747296723,0.0140701747296723
0.0335668236390835,0.0096548969042737,0.0096548969042737
-0.0136854530852543,0.0130835611288146,0.0130835611288146
-0.0186772764890239,-0.0006375303295655,-0.0006375303295655
-0.0072464085207677,0.0017257858026831,0.0017257858026831
-0.0179377006866676,0.0041806871071194,0.0041806871071194
0.0219699642146062,0.0006215558132077,0.0006215558132077
-0.021455904675192,0.0123895276549008,0.0123895276549008
-0.0474651096637384,-0.0025533625605741,-0.0025533625605741
0.0666044498744362,-0.005549398432554,-0.005549398432554
0.0408018269275585,0.0261443253061724,0.0261443253061724
0.0182259241780169,0.010578066735881,0.010578066735881
0.023486283858733,0.0086803125293991,0.0086803125293991
0.0101617502594999,0.0106182626439168,0.0106182626439168
-0.0101617502594999,0.0064861780575306,0.0064861780575306
0.0027816429618772,0.0021025992467867,0.0021025992467867
-0.0074349784875185,0.0067936125448496,0.0067936125448496
0.0348339526756324,0.0027575979017052,0.0027575979017052
-0.0145193113244532,0.0152939554453506,0.0152939554453506
0.0018264845260347,-0.0014617152590004,-0.0014617152590004
0.0489639412139215,0.0075000017395768,0.0075000017395768
0.0206370178563766,0.0178355007646777,0.0178355007646777
0.0076303888656914,0.0073682398262924,0.0073682398262924
-0.0361174252279949,0.006680744672498,0.006680744672498
-0.0158873597623188,-0.0049771796544644,-0.0049771796544644
-0.0188600112001342,0.0036560070263043,0.0036560070263043
-0.0285076776227555,0.0005139034407202,0.0005139034407202
-0.0226424767497599,-0.0012473784337671,-0.0012473784337671
0.0094967475372573,0.0008173754031737,0.0008173754031737
-0.0190845486924109,0.0089595793931133,0.0089595793931133
0.0171924005403729,-0.0009827479542291,-0.0009827479542291
0.0390021578032691,0.0115304159535951,0.0115304159535951
-0.0736877157911592,0.0140473267545406,0.0140473267545406
-0.0734143967448286,-0.017143152264176,-0.017143152264176
0.0139349522957505,-0.0086248090212202,-0.0086248090212202
-0.0280668349336208,0.0127174829736411,0.0127174829736411
0.0418102700600151,-0.0044319599551964,-0.0044319599551964
-0.0524606854015079,0.0191291500201658,0.0191291500201658
-0.0306398535961225,-0.0127720837832907,-0.0127720837832907
0.0013373455687606,0.0017723457744705,0.0017723457744705
-0.1241093864374889,0.0064920021516768,0.0064920021516768
-0.0422362248548831,-0.0287485613891221,-0.0287485613891221
-0.1098571434458577,0.0029581927350906,0.0029581927350906
0.0191922145576075,-0.0239332590840039,-0.0239332590840039
0.0325854017520415,0.0182853357883267,0.0182853357883267
-0.0673116219924905,0.0104812964854166,0.0104812964854166
0.0786769556952355,-0.0144514738724439,-0.021805460013166557
0.0988620482674322,0.0318228731466602,0.02645730919628044
0.044918461444575,0.024759605582073,0.022791815533080094
0.0111573857742621,0.0120674744555095,0.013417803453739231
0.0615684633211408,0.0063633791959537,0.0017710409456228116
0.0252068140333463,0.0215557060127852,0.020810797204084013
0.0009735519185305,0.0075982536069933,0.0032422960902755956
-0.0761310256553775,0.0048162349193638,0.0018266641444641936
-0.0122081572566052,-0.0153054638653554,-0.01619145883812028
0.0450318521673054,0.0074483203247975,-0.0059786549962587065
0.0167939459741601,0.016784939606669,0.011685318860383605
-0.0153272564801172,0.0066122101565984,0.007444868502587198
0.0880067476595485,0.0006699959864573,-0.00470296808808463
0.037885620690556,0.0302548647276909,0.024558836441472373
0.0049578683607869,0.0086756825648255,0.008156286430693419
0.0078818142022534,0.0056032303516948,0.0016514706282683266
-0.0068931833753138,0.0072266636303108,0.00704291580753801
0.0059113472630567,0.0027870386877002,-0.005338851213710759
0.0233020252028444,0.0074556306952528,0.0013419127396220934
-0.0086747531936737,0.0108999413443713,0.007726487015000864
0.0210735767905285,0.001310221949839,-0.0012924634426447793
-0.0347190126874421,0.0119603985885156,0.004911656419952288
-0.0068931833753138,-0.006027966535839,-0.00656401357028338
0.0340003610231258,0.006375527562447,-0.010151025466688116
-0.0086331471447032,0.0140887739723069,0.005329526180798285
-0.0273454538905282,0.00045815837482,-0.0022603555832761083
-0.0039682591756209,-0.000917631965772,-0.008986115061163126
-0.0155274845210788,0.0057838610502517,0.00401927982129004
-0.002932108667581,0.0008400501808689,-0.001835367252215182
0.0053521965685243,0.0055885173684257,-0.0013382317690037024
0.0091233276052609,0.0065457915692953,-0.00578850250772982
-0.024754989785289,0.0073076003730163,0.0007905703861041408
-0.0156720394971658,-0.0020706852456515,-0.0029554454051593554
-0.0262161668737492,0.0029274126895727,0.0011919677389725923
0.0057440855733705,-0.0012804076661143,-0.009345312578841972
-0.0048910251676188,0.0085115461829912,-0.003796167315809295
-0.0387944556873209,0.0029812301269091,-0.0024527448482210504
-0.0141719718350952,-0.0047003576894479,-0.01155104463805276
-0.0017997755139393,0.0040454768105427,-0.007148876206761528
0.0428644917549352,0.005027258941612,-0.005028457818541405
0.049452533163973,0.0168536252734791,0.009750476522870932
0.0025631838506496,0.015435428728404,0.009640272713321522
-0.0048242331181347,0.0031248079275698,0.0014144762658714679
0.0667610725898022,0.0044576902455193,-0.0008085915920513645
0.0,0.0234774619478479,0.01804691356257692
-0.0322766404395427,0.0002536072231174,0.0008287330466894856
-0.0603326664276284,-0.0021972963793107,-0.004477909517008803
0.0146737775971823,-0.0091294925753326,-0.012882254628917985
0.0367726040055087,0.0130541440224846,0.0013160010638232772
-0.0149543051539229,0.0130311829577368,0.005737986747815426
0.018858018634396,-0.0009668720760499,-0.008560388308541594
0.0197830388494448,0.0119770584863212,0.0018510563600433443
-0.0234861907568424,0.0087231218975742,0.004578268659185643
0.019560768640737,-0.002110408122742,-0.0014103125081107305
0.0097848138799987,0.0124769122640471,0.0024341777074010362
0.0447480651402516,0.0058809272593072,-0.00578762262160659
0.0111112254250702,0.0171324563559669,0.010370715363036187
-0.0384843360949691,0.0049796154190545,0.007194643916629311
-0.0076849561693839,-0.0051574298676515,-0.005946304171433651
0.0387755432394154,0.0059254826395089,-0.0054714237200009855
0.0283512358814244,0.0155034244923213,0.005188405914474307
0.0389085329186915,0.0100881207182342,-0.0011178164380153555
-0.0964383093985219,0.0144124586736376,0.0168181457120737
-0.0163701296468552,-0.0234013822444618,-0.018916384241691765
0.0446205959327068,0.0085133761760666,-0.0021032844965952723
0.0620982201182966,0.0163852506353901,0.006162824490839486
0.0443758814007093,0.0189858608066448,0.010812074038199768
0.0304174703866833,0.0134837324880513,0.004003432112678543
0.0240011520995429,0.0111943229765155,0.006109862910847568
0.0288294216068933,0.0100770253950128,0.004443954103521223
0.0413748370663551,0.0116866969652462,0.009448688022629603
-0.0163450890005192,0.0146473827627116,0.008097128022631333
-0.0037523496185505,-0.0017809670183415,-0.0050292063408771655
-0.035198736965893,0.0060760500609051,0.007703093447240796
0.0367013668504281,-0.0045647469856001,-0.007560261086762107
0.0089686699827602,0.0177819424915808,0.01160342347392783
-0.0202938193398134,0.0042237127635584,-0.00013876681339776951
0.0045454623716745,-2.797590181841201e-05,-0.00641617853789847
-0.0244847732683135,0.0078479604498097,0.004318231150473164
0.0038654860655773,-0.0021438224925486,-0.007463796971678049
-0.0912290129338329,0.0082367004204762,0.005919707094156958
0.0125999146970077,-0.0203190523958534,-0.019965397418311447
0.0255473308906406,0.0155220798738949,0.0023304362002703003
0.0072963436785062,0.0093239555648094,0.005277126916737651
-0.0539326045910657,0.0060608268396567,0.0025768598776072897
-0.0241599326651353,-0.0096325343438147,-0.0049438493350996175
-0.0328480486811111,0.0026767003875039,-0.00018278182895818326
0.0484462852114351,-0.0030080119440592,-0.015091011604154653
0.0008594757727191,0.0205402376712647,0.008233736670632041
-0.0592831680161527,0.001281505830388,-0.000764440757189817
-0.0027384772933043,-0.0097871895117259,-0.018023994667299398
0.0027384772933043,0.0085181031019986,0.003718031734273302
0.1095450027970406,0.0050450263194143,-0.0014057765051849616
0.0807965712599365,0.0349015459623845,0.031206631826911628
0.0398871190770844,0.0190351496406031,0.014971642601405006
0.009369437911177,0.0122551243799498,0.009938872869432892
0.0345469674534015,0.0058285162391876,0.0030526727096146086
0.0171766504005903,0.0143848542923605,0.009649799485435973
0.0341512934213117,0.0073656080183436,6.468767975144687e-05
0.0374720843672653,0.0138615874396301,0.005781185095640885
0.0397815041270526,0.0130019536078198,0.005469751753019543
0.0139185302910629,0.0138599265134665,0.011098564819865563
0.0035992840296472,0.0066256378986137,0.006793005621188146
-0.0279313846891779,0.0057904326869264,0.002885215051493166
0.0291282729230237,-0.0025198956979322,-0.009306857351604908
0.002985968178562,0.0151780305778139,0.006657390123517362
-0.0150198077422851,0.0033089569552158,-0.00297874827280912
-0.004854378464798,0.0016475384434312,-0.005401815497967021
0.0120920457650282,0.0048494770251286,-0.000528432295927788
-0.0562397183228755,0.0085705867972735,0.00697152059002492
0.00063552591907,-0.010936629398063,-0.017286255679938176
0.0012698414404761,0.0097427563010544,-0.0024668019311054543
-0.0063653938670764,0.0043158594035508,-0.006205615722735307
-0.0226034808930641,0.0037179854744559,-0.0010654529994353094
-0.0131494333849442,-0.0005163635789187,-0.005525436429366141
0.084360613343386,0.0031895609288423,-0.005111791414820293
0.010287533997169,0.028585595731349,0.01600799081497295
-0.0078573991438775,0.0016558508022762,-0.0030033525014908687
0.0090607687235104,0.0040342045528459,-0.0026862998545032256
-0.0108828159934555,0.0079706373725512,0.00879122143944367
0.0422556168484353,0.0015054869922751,-0.00911332707040131
0.0527782053473879,0.0176422477020548,0.008860744003479335
-0.0083264427765543,0.0161222962385341,0.010604471305763023
0.0066666913581894,-9.351222829255372e-06,-0.003060401739711272
0.0235304974101939,0.0084172084839661,0.0029417437521948612
0.0214026361143853,0.0107014641941407,0.0050647737362433075
0.018878379220375,0.0095069508360474,-0.0021733549508316415
-0.0220597180647326,0.0091469430632851,0.0015452912016445794
-0.0225573474240743,-0.0018389555206982,-0.00032784662938223764
0.0113422766039343,0.0010005833390199,-0.010370742824727368
0.0589172194982099,0.0094096274751395,0.000783166879659257
0.0484284351005577,0.0200131969600153,0.011618656153932328
0.0043321367391344,0.0143027639791712,0.006582125030010138
0.0523973916602606,0.0039103766293137,-0.004512821586056252
0.0571330919352339,0.0197368913116381,0.01435818775340571
0.0242410338951115,0.016734222537499,0.01266046005385597
0.0020986366569211,0.0086421264541338,0.005270615915272834
0.0281126409360474,0.0048382217997667,0.0003307006196717841
-0.0210100416185605,0.0129109656737766,0.010363218179842376
0.0197863008988443,-0.0025738233284585,-0.006855695593485495
-0.0277278264400306,0.0126634342777303,0.01333056680806364
-0.003783901929129,-0.0043255457185121,-0.006233891178373152
0.0319198083584995,0.0067564136114496,-0.006023843648127138
0.0141788885425437,0.0134223769978907,0.005060546539632661
0.0619960722217429,0.0068145857776785,-0.0007316104333119694
0.060157482811844,0.021549317300681,0.014082634732817588
0.0404659325617133,0.0170623435383192,0.016839994995954174
-0.0110004546898219,0.0129459364498034,0.010475425738506426
-0.0006915629597887,0.0001266517994923,-0.00011922680328773475
0.0416656371700945,0.0063882526584889,0.0026807622203456677
0.0284565399140079,0.016160585404648,0.006509118739118636
0.0603779916371367,0.0099387138884256,0.004644057378294038
-0.033022596320249,0.0202654366543193,0.021193729457842737
-0.1287465875203839,-0.0078171500245973,-0.008147670184307322
-0.1342454233581795,-0.02613002820784,-0.024808921761709363
-0.0164612770540726,-0.0226608217629402,-0.026030716837914032
0.0386619870342643,0.0082882039556148,-0.0003541786280726201
0.0298881861996491,0.0148330101371544,0.00437562705274388
0.0290207460411995,0.0106857310229868,0.006079430664139997
-0.0117358908970723,0.011573697375576,0.01629039327680268
-0.0250639686632156,0.0002990564592157,0.0038670775302013906
0.055443203414776,-0.0002568802359671,-0.0009119047113683408
-0.0059281388873957,0.0216897195814926,0.016429460374836086
-0.0202709643736191,-0.0008673419596623,-0.0061779968059884945
0.0161748871516156,0.0013565371171711,-0.00375522132479159
0.0344735273698741,0.0106216139894479,0.012408574857045778
-0.0233416870010296,0.0130673134288153,0.011125846213173533
0.0200920000826885,-0.0032474095079653,-0.010158374341453382
0.0316808840803464,0.0129285608476562,0.004209103570768655
0.0296880622959454,0.011686677207244,0.0007725844293789454
-0.0044315736408409,0.0114833721627767,0.005913240618974081
0.0322717080875722,0.0023010430782474,0.0005456686732126519
0.037654562062495,0.0147238720707694,0.00504634113270503
0.0307426970842907,0.0128179062526007,0.008622253662463619
0.0250165577937302,0.0114626354363868,0.007898546958783932
0.0433376585555764,0.0102792894888529,0.00503072486654314
0.0020175824685226,0.015559820831285,0.010686517970655802
0.0002878940569761,0.002943417414446,-0.00014708362366870533
-0.020943173845243,0.0058908293896817,0.01414079614885652
0.0243914531241591,-0.0006551251153421,-0.006814857211946928
-0.0250677546627935,0.0133907507108898,0.00976167745756686
-0.0284020165066651,-0.0038022816996078,-0.0019403534841045164
0.0239505550634779,-5.023102957009071e-05,-0.00885382928047058
-0.000827618869656,0.0131076184442175,0.005397460807194921
0.0350688871068332,0.0028370189449171,-0.0042466983199604905
0.0285395931842771,0.0153360583222832,0.004871597833697566
-0.0009994170899343,0.0101844274207943,0.009547336260239143
-0.0848245583163942,0.0035819165648717,-0.0015803907385322545
-0.0474894231982938,-0.017324932324134,-0.017873779209282313
-0.0266348291042293,-0.0015568038261822,0.004514010003696841
0.0262542995293184,-0.0001797208767049,-0.00683672118142501
0.0418047332701139,0.0137663795075072,0.005485316254361824
-0.0099658442814858,0.0142007282844491,0.005816106674146421
0.1070304468542815,6.704103790694006e-05,-0.0009313630465894798
0.0272840732527397,0.0355684818681783,0.03149347636086949
0.0196825333699433,0.004366894593143,-0.00011050954542499679
-0.0044610524442605,0.0107562473286743,0.00814922872492418
0.0007933569993525,0.0024899200961826,-0.0016730483551315122
0.0051152355379135,0.0061504532481744,0.0041647469482112166
0.0238307601576401,0.0063295024206009,0.00036365204448421916
-0.0056657375356774,0.0113479703133927,0.007018788331704642
-0.0008267879759937,0.0020035700196501,0.0007753677028110167
-0.0024844733276614,0.0058434955790704,0.004625526353403521
0.0066888154034066,0.0043551013089301,0.00282946805021328
0.0685586399626441,0.0072415893026593,-0.0031644182812258087
-0.0084958997221136,0.0232104276940403,0.014545052145728538
-0.0126843343736613,-0.0019742325441675,0.0004162787660229889
0.0001227340232521,0.0037101751673219,-0.0012705514110786546
0.0180005346763421,0.0056385268684139,-0.0003675252399128583
-0.0158918638283003,0.0099565968111538,0.002046704655636753
0.0164702746607083,-0.0003883044952944,-0.01001054295422614
0.0069149594851989,0.0111739748937411,0.0006024795176452057
0.0013151446761119,0.00545670838337,0.004553432253852606
-0.0143928932876198,0.0054885066393828,0.006638353279671769
0.0247576511257268,0.0012271861455726,-0.003413495016517086
0.0298223573070233,0.0129802861791884,0.004142006709633236
-0.0009415872180502,0.0111695055969986,0.001485213341396693
0.0147562916130459,0.0033308782346829,-0.0038309828541612076
0.0189721565225422,0.0097030281601606,0.003161815738505036
-0.015852734476291,0.0091192468932646,0.006839469143250076
0.0048855815210391,-0.0001510111065276,-0.0027469884653955083
0.0062912298490118,0.0079733524242406,0.004395171788897052
-0.0017199981902722,0.0061543627990606,0.0030615869650418327
0.0151763468366636,0.0044779087312934,-0.00017945790219761008
0.0111894485604366,0.0095062106973835,0.01042618654128286
0.010096062532086,0.007065482788144,0.0020228405670439523
-0.0021795668918187,0.0074302550442872,0.0009046110400424637
0.006588887365786,0.0040080591600879,0.005010013802646516
0.0149959143877316,0.0073084916777385,0.0017240378101840339
-0.0029854876764945,0.0086910242219738,0.0033709557023453383
-0.0166137733362257,0.0034485343868937,0.0040603373207160525
-0.0364019819371108,0.0011782081201142,0.007721546051569288
0.0081725817574733,-0.0035644912292498,-0.007779148710295896
0.0086781373345612,0.0097874052437374,0.004190661490874025
-0.0075698583781642,0.0063094544591226,0.0023916983963088966
0.0280477954989173,0.0028521596436421,-0.005174855098187669
0.0058419410131822,0.0134311057859991,8.972309803263051e-05
-0.006768615288859,0.0045551212553139,0.001912337773770582
-0.0060552508713254,0.0035440429313272,0.0008734910940127096
-0.0127048205300912,0.0040109094915793,0.003319452919859452
0.0218599813171005,0.0020842429697922,-0.0026274108683825
0.035203229649114,0.0119637512339817,0.00257567036300067
0.0230352622285288,0.0129015060066606,0.005854485193764426
0.0294908791285131,0.0093533316934945,0.0040387001912463244
0.0308247566190642,0.0120617055238982,0.003552165870241951
0.0292356876738582,0.0116895816123207,0.0060510688247223925
0.0328645814647501,0.0113601123129428,0.0027570798230747862
0.0031169414744951,0.0124317787218568,0.005628754277008398
0.034558928278094,0.0040879217636091,-0.0006707293672619649
0.0071447936267183,0.0148593318989453,0.008759302104480969
0.0214018096946917,0.0045211782933315,0.002454856755812552
0.03147107090924,0.0111799452026925,0.0077981588245199344
-0.0002441028824398,0.0121032844975758,0.011738075005273563
0.0555856866625941,0.0032669050866646,-0.002506454390400838
-0.0038099397471897,0.02077428363756,0.011648715041557107
0.0001545308446635,-4.6031548657825966e-05,0.0028769685171450795
0.021492725821349,0.0066640710277782,0.0025865342330881284
0.0109346595735928,0.0106244038457485,0.007597134694657774
-0.037228980692415,0.0066937688243697,0.008724316858474851
0.0284848032207536,-0.0052816424264349,-0.009288571981673847
0.0182426782200728,0.0157515217614216,0.011131543713169554
0.038628979956373,0.0072842144204614,0.003577594124634133
0.0476177713691869,0.0150958888219447,0.007757666759854475
0.010250813262238,0.0154145752919921,0.01451323648226925
0.0304368728928778,0.005211762040546,0.005395959863387978
0.0411278650976294,0.0134390856917147,0.0129189535852723
-0.0078338082556017,0.0141060863612749,0.013216045167973282
-0.0362872296808882,0.000669880117359,0.005278817926680441
0.086665517615657,-0.003395801756259,-0.00682415662991607
0.0505554068317843,0.0309924998599556,0.030710726391026177
0.05441011551118,0.0119061303865094,0.013133259346863211
0.0021052298426464,0.0181170772552052,0.01788903591027223
0.0104921949943168,0.0022748084461776,0.005221970850508513
0.0149776656198872,0.0088345038448201,0.010479589653836073
-0.01295201378701,0.0082729391365944,0.009913705473894923
0.0246687135440977,0.0008634396720383,-0.00415703591856787
0.0010281816113533,0.0130546864935632,0.012906042507666098
0.0607906933936659,0.0033537791268334,0.003766821586460167
0.050558951719462,0.0221599399697667,0.019397009556277427
0.0323184959241977,0.014298370931436,0.012392841713106124
-0.0034044579000047,0.0114884457058624,0.01177005511713946
-2.7065919047331025e-05,0.0025777454086916,-0.0009401718173564807
0.0425588625772537,0.0059045588979535,0.0030152488799358433
-0.0735002638137372,0.0165333652598956,0.00989183292652355
-0.0515372292042828,-0.0177654594941578,-0.015893626674628784
0.0115241082293451,-0.002533419530182,-0.0016002126563908498
0.1029527067196438,0.0104156329673464,0.008721602599349402
0.0390886265869827,0.0316627725827127,0.03255687861958789
0.0481637438209077,0.0086202084859855,0.00850814471327221
-0.0017552652431724,0.0173155806459758,0.02161078944295436
0.0277523110902864,0.0014466312836686,0.0006874360755497943
0.0405953876942994,0.0137316332484737,0.010665490445670247
-0.0020173771198876,0.0138827234417852,0.016523500896135815
-0.0071724320709041,0.0023050622009913,0.007824314618326977
0.0432389420523122,0.0040438848560816,0.0033201053801298693
-0.0395106921224224,0.0172212355070989,0.020081200392835927
-0.0070455300781722,-0.0085739011595224,-0.01197440050060782
-0.0138724543251287,0.0068792054340068,0.004518019756041247
0.0676509561957079,0.0009032186197058,0.0030581478818070824
0.0267280281095727,0.0240146417635439,0.017552614624106504
-0.0021651779314213,0.0072766716996401,0.006659736856446076
-0.0260952962399025,0.0040865260680037,0.007803205686033423
0.0376861924479889,-0.001429973877355,-0.0030660509536051045
0.0131908496587476,0.0168336300281254,0.015019688522848294
-0.0297816332196951,0.0056390423906151,0.004665766749844153
0.0301921254055832,-0.0027827409803772,-0.0035438736113651012
0.0075231363083139,0.015122428439843,0.014708585180729948
0.0084233511168756,0.0046004425809716,0.007816615929149864
-0.0117894990395681,0.0075664364865844,0.003970755001493573
-0.0545305280626005,0.0015052416963113,-6.155381294568082e-05
-0.0087422617488277,-0.0082390235610612,-0.010057447191132125
-0.0347842537524707,0.0062526718395413,0.007342396366343427
0.0035251446561126,-0.0044412309685162,-0.007736376836433099
-0.0226255023157433,0.0083671161309824,0.0028364758160149125
-0.0963177713055047,-0.0017676540505579,-0.0012613515822235257
0.0033590272734391,-0.0189068888300439,-0.023659145237169117
0.0654893523201272,0.0118124003159975,0.009952652788198933
-0.025237681097165,0.0202955500164753,0.024700519896760746
-0.0280474843143991,-0.0058254118680924,-0.003931211213006191
-0.0217805878167194,0.0001698467875543,-0.0026829193782229865
-0.1205701149378626,0.0001487358672971,0.00255836058422135
0.030126310144559,-0.0266911328345044,-0.0356622036418234
0.0481357681781142,0.0198475732849028,0.015359766459051728
0.0134090929873211,0.0130738143934556,0.012808776240967911
-0.0041310437981367,0.0059484242347308,0.003974352929613219
-0.0352933706752081,0.0032019723664533,0.006999608925670251
0.04713309049691,-0.0043357526025881,-0.003168308699338869
-0.0369549315830548,0.0188992804106086,0.014021204110044264
-0.0298308887532412,-0.0083726861847052,-0.009831133535459906
-0.0623437266130935,0.0002399246437586,-0.007760793138323715
-0.1153021901336197,-0.0104815403508992,-0.014912961295356327
0.0098671607871558,-0.022472536733029,-0.027517465743604926
-0.050270081785686,0.0135739978195979,0.00873859819064243
-0.0153041699542662,-0.0110857057301731,-0.010120047140885852
0.0626990467391639,0.0041196535809745,-0.011744018245111123
-0.0118844365760537,0.0203055338029045,0.0182944719074871
-0.0037214112986045,-0.0029653952619899,0.0024513527193540563
-0.0679019134595204,0.0050297160640109,8.109057632142529e-05
0.0114038511790166,-0.0133591845082233,-0.012987390463215572
0.0499914067031772,0.0112686480278129,0.0035442068390743363
0.0503175704984331,0.0149441413206094,0.00858613264294195
0.0541099572261787,0.014265240942672,0.012634895602382339
0.0045846162683655,0.0155787771062877,0.01783235784252335
-0.0030372310906079,0.0025798452291018,0.008304511529081685
0.0297786529783978,0.0039339499725806,0.004648151056188385
0.0187453561693242,0.0120164514921021,0.009124320573950346
0.0106961084475472,0.0071590799532453,0.0026913128067515522
0.0288585366763074,0.0063557192984142,0.0027672130300817233
0.0468917800481998,0.0112508181880664,0.011847806460928957
0.0095260575896425,0.0147262228018856,0.013003070479517598
-0.0170953381340224,0.0042420207951668,0.007538727336662916
0.0083107143700731,4.333951688792037e-05,0.0032638542293301513
-0.0273524077406044,0.0076614859186172,0.006301583443105875
0.0268228682510622,-0.003561503259917,-0.006152469920402848
-0.0240428625668229,0.0132204620324181,0.009988503617056053
-0.0154095240183664,-0.0039467606788116,-0.005346676444860859
0.0260324679763304,0.002527868675128,-0.005511149012697003
-0.000402707992932,0.0114120296472443,0.010951941325943137
0.0452628492554962,0.0024697318933112,0.005130947965773257
0.0255656514109556,0.0162926422513382,0.011401268625159387
-0.0149543662752993,0.0078944463696273,0.0030344601993779075
0.0153045355273482,-0.0002407948433261,0.003275630092289336
-0.0039506760425549,0.0094474331690123,0.004997554882631497
-0.0258308029739851,0.0021611315516459,0.0023255314746406033
0.0118240510874754,-0.0016261608200284,-0.0023196181594125126
0.020139053188573,0.008842055131351,0.009947906724730733
0.0164904396352776,0.0083455475089837,0.0072389386717566975
0.001659507188509,0.007575491782631,0.0015971778158123187
0.0013468345307261,0.0040323660823343,0.006347917413738096
-0.0280925714970194,0.004836871043655,0.001861510051681503
0.0373891484043387,-0.0029057500947198,-0.008437497545517049
0.0197650706551746,0.0155261819342462,0.01130499707811701
0.0131141677950425,0.0065886988559661,0.001871677617236495
-0.0016279382787409,0.0071789979610906,0.006424031300493146
0.0132977889241274,0.0033360064472286,0.00024047369292321723
0.0064948550863759,0.0080360176387029,0.01046183325180568
-0.0093821333379269,0.0051657241598744,0.005432043834047362
-0.0289736291890401,0.0018865256862969,-0.001333951231426835
0.0056258379230973,-0.0023196924104264,-0.002118832994085125
0.0211282929235263,0.0074341036413734,0.005445181851566148
0.0234876760924338,0.0089165824485271,0.007024305429550652
0.0340487625980872,0.0091714923004276,0.0020183921871721484
0.0183579402841731,0.011814182696218,0.006909276070670952
0.0198077105471226,0.0072376077887479,0.006132010168727196
0.0054496047675645,0.0087797888941002,0.00832435685116151
0.0143887374520996,0.0047821943303459,0.004839301123145743
-0.026546662782473,0.0080488189290762,0.009916315127112132
0.0395022427628992,-0.0031017083524689,-0.005514241913391732
0.031937849209096,0.0161979843843041,0.014488776629172109
0.0020163096477512,0.0095952017364735,0.0074469049607080225
0.004296688543782,0.0037866540415694,0.007978230141279151
-0.0444326329334652,0.0058009045974227,0.0031088454832931445
0.0287985644172916,-0.0070272341318458,-0.009191902031438815
0.0280183502839728,0.0143989399495987,0.008707242819862012
-0.0508059507866613,0.0090235463907284,0.0032740171429341894
0.0107592597786609,-0.0093400943305531,-0.009370627477048626
-0.0703303773156562,0.0104090104344402,0.00833632037709107
-0.017479035736156,-0.0141689764863509,-0.015738388309713774
-0.0283946451328436,0.0045861615159185,-0.004307578841001408
0.0398428830631019,-0.0026331205760922,-0.0007462753423169138
0.023615848970012,0.0155898345129308,0.00887463659665463
-0.0451675807071252,0.0073668784075721,0.0026161361586378024
-0.0646115899766517,-0.00725773758182,-0.01098684957566807
0.0190174314955209,-0.0087384083870845,-0.006601572658842713
-0.0516601279545936,0.011958409064009,0.009194171191967547
-0.2280448152703016,-0.0100517874455106,-0.01402315469393491
-0.0926876925476909,-0.0515778888387617,-0.05489039107221568
-0.0062251706203309,-0.0059203382372949,-0.005599804097624319
-0.0137455266060193,0.0045165124199408,-0.000347893808185536
-0.0722718515691172,-0.0004158652439427,-0.009348470490729625
-0.0615929816870801,-0.0152784599340417,-0.014627758975838621
0.1135225377330879,-0.0085428045022064,-0.005994129646366214
0.0620114553009463,0.0381153149548469,0.029374692774535395
0.0259348536403196,0.0111348741138373,0.007399424330025662
0.0104193344087919,0.0087655893442147,0.012908235146672414
0.0760150970726822,0.005103607026692,0.01036126301042335
0.0339032022805865,0.0245529553726571,0.028658122829867412
0.0218831671303822,0.0074085252664268,0.002798476206200289
0.0189361468061255,0.00884754242029,0.008348484451634323
0.0202968144813873,0.0076714086373322,0.011145745962875778
0.0118177170799143,0.0083973368731639,0.00961257549967718
-0.0311132592188618,0.0058444624721445,0.004326801893955318
0.0561362071677349,-0.0054307049466964,-0.007102457891412079
0.0385427617427742,0.0219789255241008,0.019881111596222814
-0.0622493582848333,0.0095603950649055,0.007846712968470185
-0.0377690448123466,-0.0151689927735606,-0.014349391025842774
-0.0032914839531485,-0.0015149570415047,0.0004982945186685782
0.0069033258629049,0.0042839162581078,-0.0004797157414485678
0.0315049411415087,0.0055229660682157,0.003215707625707969
0.0431691593466885,0.0121349040732046,0.004832435134850472
0.023042863564302,0.013641407666283,0.013312863570470488
0.0349483612740364,0.0075739918384526,0.0081199012585873
0.0325603709456174,0.0127028764527524,0.01077186756902274
0.0295750007498734,0.0106316722112118,0.005903953142675742
-0.0126677018940437,0.0104217411491149,0.009529716031662234
0.0205014767774098,-0.0015101619844647,0.002963417581716963
0.0050939873881086,0.0112563518577735,0.01308532775758072
-0.038868390502178,0.0033123032580438,0.005981550787357794
0.0290166119280668,-0.0069489098394583,-0.007347783284418508
-0.1115515016339188,0.0151120181996575,0.013190518387757548
-0.0096898422195605,-0.0292941539950088,-0.03533711001702674
0.0280056940664898,0.0100916014370624,0.0062431246445781964
0.0157791607381607,0.0096880876956974,0.006993811121333043
0.0136858647340076,0.0065166217278289,-0.0001428039693310984
0.0450250977470867,0.0068234780539389,-0.0011737091231794105
0.0391370191792139,0.0153262338120886,0.015231843475497532
0.0268094970276759,0.0114805126777528,0.009748707247452358
-0.0020247370616681,0.0092128560251185,0.009605777460916115
-0.0331151716470481,0.0019509167064597,0.004875878805399887
-0.0133522951908648,-0.0045346615841753,-0.005850896218241127
0.027058290832838,0.0025437645495469,0.003429981689549608
0.0316105690057924,0.0116764494003549,0.010872047681939112
0.0280818067704151,0.0104719220255675,0.01134592723164052
-0.0038872201215829,0.0098778553638967,0.008640299451965509
-0.0305849785226444,0.0012487258839219,0.003747638697024639
0.019725149615092,-0.0036988800314307,-0.006728697918256448
0.0400440728260349,0.0114414435284748,0.0052349567346778895
0.0213259616674523,0.0129204480844703,0.009306260050075857
0.0251519882844801,0.0073902106858504,0.0031946197466571503
0.0127311083850525,0.0100029074601011,0.009110830578346314
0.0430772962342667,0.0058685503704707,0.0052645905240166655
-0.0129320744993748,0.0154374283708299,0.014261902441070905
0.0303662931193144,-0.0025022584185866,-0.0012122254044178537
0.0008446224710434,0.0141722259642776,0.00999893947909243
0.0101750518934125,0.0016260363039977,0.0036989461147156344
0.0192891634482075,0.0075270221272922,0.004621352077854182
0.036258420842075,0.008407726874688,0.011611046463453747
0.0134994197744768,0.0128406235604068,0.010165949707504849
0.0080327912414865,0.0054609478285587,0.005499797618173409
-0.0029235609107338,0.0059636926243014,0.004340897590526919
0.0252583688911807,0.0028622286874628,0.003053726234379659
0.0003970191426105,0.0113892499963772,0.008512933442304992
0.0135909370298339,0.0023420521625885,0.0018962463129670443
0.0298808217385522,0.0083202805364535,0.0077900399414935
0.0132699597100769,0.0111813715619474,0.013841395318539857
-0.0058811290252291,0.005915801548555,0.00634360626798501
0.0160316575177867,0.0021485736687239,0.001994822691385154
-0.0284766729644418,0.0091235934740049,0.009786424176504991
0.0539077329151007,-0.0047903253826733,-0.007485202569926835
0.0039831160951573,0.0211032010432982,0.019282141614774435
-0.0120317753449699,0.0009022384343733,-0.0004598146964446333
0.0262861878718334,0.0019162508207272,5.9741668417455374e-05
-0.0013264003636299,0.0118774879926225,0.0149295342385555
0.0073880986706171,0.0018937627501469,0.00757215043925009
0.0081202309840575,0.0068091558051863,0.003047117325012691
-0.0060077640253588,0.0057089325791818,0.006169560795111187
-0.0024562244220982,0.0022573703968345,0.0013673808254270271
